latitud,longitud,pot,usuario,fecha,test_name,observacion,operador,rssi,marca,imsi,modelo,id
-17.386818,-66.157755,-49,andy2662,2022-01-01 12:58:06+00:00,xxxxx,Ninguna,Entel,27,ZTE CORPORATION,736023035923079,MF193A,792
-17.38578,-66.157943,-46,andy2662,2022-01-01 12:58:25+00:00,xxxxx,Ninguna,Entel,32,ZTE CORPORATION,736023035923079,MF193A,791
-17.386818,-66.157755,-49,andy2662,2022-01-01 12:58:06+00:00,xxxxx,Ninguna,Entel,27,ZTE CORPORATION,736023035923079,MF193A,790
-17.38578,-66.157943,-46,andy2662,2022-01-01 12:58:25+00:00,xxxxx,Ninguna,Entel,32,ZTE CORPORATION,736023035923079,MF193A,789
-17.386818,-66.157755,-49,andy2662,2021-10-17 12:58:06.736970+00:00,xxxxx,Ninguna,Entel,27,ZTE CORPORATION,736023035923079,MF193A,781
-17.38578,-66.157943,-46,andy2662,2021-10-17 12:58:25.723735+00:00,xxxxx,Ninguna,Entel,32,ZTE CORPORATION,736023035923079,MF193A,780
-17.386818,-66.157755,-49,andy2662,2022-04-01 15:45:56.479984+00:00,xxxxx,Ninguna,Entel,27,ZTE CORPORATION,736023035923079,MF193A,779
-17.38578,-66.157943,-46,andy2662,2022-04-01 15:45:56.479984+00:00,xxxxx,Ninguna,Entel,32,ZTE CORPORATION,736023035923079,MF193A,778
-17.356808,-66.200066,-55,andyproject,2021-10-21 14:36:37.196000+00:00,prueba1111,nada,Entel,22,ZTE CORPORATION,736023035923079,MF193A,777
-17.38578,-66.157943,-46,andy2662,2021-10-17 12:58:25.723000+00:00,Centro Prueba 1,Ninguna,Entel,32,ZTE CORPORATION,736023035923079,MF193A,776
-17.386818,-66.157755,-49,andy2662,2021-10-17 12:58:06.736000+00:00,Centro Prueba 1,Ninguna,Entel,27,ZTE CORPORATION,736023035923079,MF193A,775
-17.387155,-66.157731,-45,andy2662,2021-10-17 12:57:57.723000+00:00,Centro Prueba 1,Ninguna,Entel,26,ZTE CORPORATION,736023035923079,MF193A,774
-17.387492,-66.157703,-45,andy2662,2021-10-17 12:57:48.723000+00:00,Centro Prueba 1,Ninguna,Entel,32,ZTE CORPORATION,736023035923079,MF193A,773
-17.38773,-66.157765,-42,andy2662,2021-10-17 12:57:39.732000+00:00,Centro Prueba 1,Ninguna,Entel,32,ZTE CORPORATION,736023035923079,MF193A,772
-17.387919,-66.158011,-47,andy2662,2021-10-17 12:57:30.721000+00:00,Centro Prueba 1,Ninguna,Entel,26,ZTE CORPORATION,736023035923079,MF193A,771
-17.388084,-66.158608,-51,andy2662,2021-10-17 12:57:17.725000+00:00,Centro Prueba 1,Ninguna,Entel,23,ZTE CORPORATION,736023035923079,MF193A,770
-17.387408,-66.158711,-51,andy2662,2021-10-17 12:57:08.723000+00:00,Centro Prueba 1,Ninguna,Entel,30,ZTE CORPORATION,736023035923079,MF193A,769
-17.386352,-66.158835,-45,andy2662,2021-10-17 12:56:57.726000+00:00,Centro Prueba 1,Ninguna,Entel,31,ZTE CORPORATION,736023035923079,MF193A,768
-17.385808,-66.158716,-47,andy2662,2021-10-17 12:56:45.720000+00:00,Centro Prueba 1,Ninguna,Entel,32,ZTE CORPORATION,736023035923079,MF193A,767
-17.385612,-66.158506,-41,andy2662,2021-10-17 12:56:30.721000+00:00,Centro Prueba 1,Ninguna,Entel,32,ZTE CORPORATION,736023035923079,MF193A,766
-17.385458,-66.158167,-40,andy2662,2021-10-17 12:56:18.724000+00:00,Centro Prueba 1,Ninguna,Entel,32,ZTE CORPORATION,736023035923079,MF193A,765
-17.38519,-66.158161,-42,andy2662,2021-10-17 12:55:59.723000+00:00,Centro Prueba 1,Ninguna,Entel,31,ZTE CORPORATION,736023035923079,MF193A,764
-17.384916,-66.158298,-46,andy2662,2021-10-17 12:55:49.718000+00:00,Centro Prueba 1,Ninguna,Entel,31,ZTE CORPORATION,736023035923079,MF193A,763
-17.384253,-66.158722,-28,andy2662,2021-10-17 12:55:38.724000+00:00,Centro Prueba 1,Ninguna,Entel,32,ZTE CORPORATION,736023035923079,MF193A,762
-17.383592,-66.159253,-36,andy2662,2021-10-17 12:55:28.267000+00:00,Centro Prueba 1,Ninguna,Entel,32,ZTE CORPORATION,736023035923079,MF193A,761
-17.383028,-66.1596,-47,andy2662,2021-10-17 12:55:11.720000+00:00,Centro Prueba 1,Ninguna,Entel,28,ZTE CORPORATION,736023035923079,MF193A,760
-17.382631,-66.160014,-47,andy2662,2021-10-17 12:55:01.723000+00:00,Centro Prueba 1,Ninguna,Entel,30,ZTE CORPORATION,736023035923079,MF193A,759
-17.382622,-66.160496,-53,andy2662,2021-10-17 12:54:51.723000+00:00,Centro Prueba 1,Ninguna,Entel,24,ZTE CORPORATION,736023035923079,MF193A,758
-17.383116,-66.160603,-55,andy2662,2021-10-17 12:54:39.722000+00:00,Centro Prueba 1,Ninguna,Entel,31,ZTE CORPORATION,736023035923079,MF193A,757
-17.383716,-66.160532,-50,andy2662,2021-10-17 12:54:29.727000+00:00,Centro Prueba 1,Ninguna,Entel,32,ZTE CORPORATION,736023035923079,MF193A,756
-17.384381,-66.160354,-45,andy2662,2021-10-17 12:54:18.723000+00:00,Centro Prueba 1,Ninguna,Entel,32,ZTE CORPORATION,736023035923079,MF193A,755
-17.384679,-66.160341,-58,andy2662,2021-10-17 12:54:07.733000+00:00,Centro Prueba 1,Ninguna,Entel,26,ZTE CORPORATION,736023035923079,MF193A,754
-17.384886,-66.160273,-62,andy2662,2021-10-17 12:53:47.721000+00:00,Centro Prueba 1,Ninguna,Entel,23,ZTE CORPORATION,736023035923079,MF193A,753
-17.385306,-66.160256,-56,andy2662,2021-10-17 12:53:32.723000+00:00,Centro Prueba 1,Ninguna,Entel,29,ZTE CORPORATION,736023035923079,MF193A,752
-17.385513,-66.160044,-53,andy2662,2021-10-17 12:53:12.716000+00:00,Centro Prueba 1,Ninguna,Entel,28,ZTE CORPORATION,736023035923079,MF193A,751
-17.385783,-66.159966,-58,andy2662,2021-10-17 12:53:02.723000+00:00,Centro Prueba 1,Ninguna,Entel,24,ZTE CORPORATION,736023035923079,MF193A,750
-17.386137,-66.15997,-61,andy2662,2021-10-17 12:52:52.719000+00:00,Centro Prueba 1,Ninguna,Entel,22,ZTE CORPORATION,736023035923079,MF193A,749
-17.386505,-66.160029,-56,andy2662,2021-10-17 12:52:41.721000+00:00,Centro Prueba 1,Ninguna,Entel,26,ZTE CORPORATION,736023035923079,MF193A,748
-17.387339,-66.159874,-54,andy2662,2021-10-17 12:52:32.261000+00:00,Centro Prueba 1,Ninguna,Entel,30,ZTE CORPORATION,736023035923079,MF193A,747
-17.387741,-66.159799,-60,andy2662,2021-10-17 12:52:06.718000+00:00,Centro Prueba 1,Ninguna,Entel,28,ZTE CORPORATION,736023035923079,MF193A,746
-17.388329,-66.159685,-55,andy2662,2021-10-17 12:51:55.732000+00:00,Centro Prueba 1,Ninguna,Entel,28,ZTE CORPORATION,736023035923079,MF193A,745
-17.389138,-66.159541,-62,andy2662,2021-10-17 12:51:41.722000+00:00,Centro Prueba 1,Ninguna,Entel,25,ZTE CORPORATION,736023035923079,MF193A,744
-17.389504,-66.15946,-54,andy2662,2021-10-17 12:51:32.718000+00:00,Centro Prueba 1,Ninguna,Entel,27,ZTE CORPORATION,736023035923079,MF193A,743
-17.389944,-66.159325,-56,andy2662,2021-10-17 12:51:23.719000+00:00,Centro Prueba 1,Ninguna,Entel,27,ZTE CORPORATION,736023035923079,MF193A,742
-17.390472,-66.159212,-56,andy2662,2021-10-17 12:51:14.303000+00:00,Centro Prueba 1,Ninguna,Entel,30,ZTE CORPORATION,736023035923079,MF193A,741
-17.390871,-66.159198,-51,andy2662,2021-10-17 12:51:04.718000+00:00,Centro Prueba 1,Ninguna,Entel,32,ZTE CORPORATION,736023035923079,MF193A,740
-17.391226,-66.159128,-49,andy2662,2021-10-17 12:50:55.721000+00:00,Centro Prueba 1,Ninguna,Entel,32,ZTE CORPORATION,736023035923079,MF193A,739
-17.391997,-66.158956,-38,andy2662,2021-10-17 12:50:46.255000+00:00,Centro Prueba 1,Ninguna,Entel,32,ZTE CORPORATION,736023035923079,MF193A,738
-17.391546,-66.158874,-48,andy2662,2021-10-17 12:42:11.737000+00:00,Centro Prueba 1,Ninguna,Entel,30,ZTE CORPORATION,736023035923079,MF193A,737
-17.392378,-66.158806,-54,andy2662,2021-10-17 12:41:46.735000+00:00,Centro Prueba 1,Ninguna,Entel,30,ZTE CORPORATION,736023035923079,MF193A,736
-17.392499,-66.158735,-48,andy2662,2021-10-17 12:41:36.737000+00:00,Centro Prueba 1,Ninguna,Entel,29,ZTE CORPORATION,736023035923079,MF193A,735
-17.392493,-66.158628,-50,andy2662,2021-10-17 12:41:08.750000+00:00,Centro Prueba 1,Ninguna,Entel,24,ZTE CORPORATION,736023035923079,MF193A,734
-17.392392,-66.158158,-56,andy2662,2021-10-17 12:40:58.737000+00:00,Centro Prueba 1,Ninguna,Entel,24,ZTE CORPORATION,736023035923079,MF193A,733
-17.392218,-66.157848,-56,andy2662,2021-10-17 12:40:48.736000+00:00,Centro Prueba 1,Ninguna,Entel,23,ZTE CORPORATION,736023035923079,MF193A,732
-17.391967,-66.157935,-58,andy2662,2021-10-17 12:40:33.317000+00:00,Centro Prueba 1,Ninguna,Entel,27,ZTE CORPORATION,736023035923079,MF193A,731
-17.391219,-66.158033,-45,andy2662,2021-10-17 12:40:14.298000+00:00,Centro Prueba 1,Ninguna,Entel,29,ZTE CORPORATION,736023035923079,MF193A,730
-17.390406,-66.158278,-53,andy2662,2021-10-17 12:34:35.690000+00:00,Centro Prueba 1,Ninguna,Entel,27,ZTE CORPORATION,736023035923079,MF193A,729
-17.38996,-66.158401,-55,andy2662,2021-10-17 12:34:26.685000+00:00,Centro Prueba 1,Ninguna,Entel,28,ZTE CORPORATION,736023035923079,MF193A,728
-17.388897,-66.158622,-60,andy2662,2021-10-17 12:34:06.681000+00:00,Centro Prueba 1,Ninguna,Entel,21,ZTE CORPORATION,736023035923079,MF193A,727
-17.388319,-66.158689,-66,andy2662,2021-10-17 12:33:55.675000+00:00,Centro Prueba 1,Ninguna,Entel,18,ZTE CORPORATION,736023035923079,MF193A,726
-17.387915,-66.15863,-68,andy2662,2021-10-17 12:33:44.674000+00:00,Centro Prueba 1,Ninguna,Entel,21,ZTE CORPORATION,736023035923079,MF193A,725
-17.387481,-66.158578,-58,andy2662,2021-10-17 12:33:33.670000+00:00,Centro Prueba 1,Ninguna,Entel,25,ZTE CORPORATION,736023035923079,MF193A,724
-17.387147,-66.15845,-55,andy2662,2021-10-17 12:33:24.669000+00:00,Centro Prueba 1,Ninguna,Entel,26,ZTE CORPORATION,736023035923079,MF193A,723
-17.387073,-66.15802,-59,andy2662,2021-10-17 12:33:09.660000+00:00,Centro Prueba 1,Ninguna,Entel,28,ZTE CORPORATION,736023035923079,MF193A,722
-17.386888,-66.157514,-46,andy2662,2021-10-17 12:32:58.661000+00:00,Centro Prueba 1,Ninguna,Entel,32,ZTE CORPORATION,736023035923079,MF193A,721
-17.38677,-66.157356,-47,andy2662,2021-10-17 12:32:49.652000+00:00,Centro Prueba 1,Ninguna,Entel,32,ZTE CORPORATION,736023035923079,MF193A,720
-17.386579,-66.156943,-43,andy2662,2021-10-17 12:32:39.656000+00:00,Centro Prueba 1,Ninguna,Entel,32,ZTE CORPORATION,736023035923079,MF193A,719
-17.38627,-66.157048,-44,andy2662,2021-10-17 12:32:27.656000+00:00,Centro Prueba 1,Ninguna,Entel,32,ZTE CORPORATION,736023035923079,MF193A,718
-17.385813,-66.157378,-46,andy2662,2021-10-17 12:32:18.656000+00:00,Centro Prueba 1,Ninguna,Entel,30,ZTE CORPORATION,736023035923079,MF193A,717
-17.384953,-66.15789,-47,andy2662,2021-10-17 12:32:10.191000+00:00,Centro Prueba 1,Ninguna,Entel,30,ZTE CORPORATION,736023035923079,MF193A,716
-17.386737,-66.156218,-37,andy2662,2021-10-17 12:30:51.658000+00:00,Centro Prueba 1,Ninguna,Entel,32,ZTE CORPORATION,736023035923079,MF193A,715
-17.387154,-66.155918,-49,andy2662,2021-10-17 12:30:39.656000+00:00,Centro Prueba 1,Ninguna,Entel,30,ZTE CORPORATION,736023035923079,MF193A,714
-17.387456,-66.155723,-55,andy2662,2021-10-17 12:30:28.664000+00:00,Centro Prueba 1,Ninguna,Entel,25,ZTE CORPORATION,736023035923079,MF193A,713
-17.387639,-66.155351,-58,andy2662,2021-10-17 12:30:19.653000+00:00,Centro Prueba 1,Ninguna,Entel,23,ZTE CORPORATION,736023035923079,MF193A,712
-17.387762,-66.155257,-59,andy2662,2021-10-17 12:30:03.654000+00:00,Centro Prueba 1,Ninguna,Entel,23,ZTE CORPORATION,736023035923079,MF193A,711
-17.38853,-66.155078,-49,andy2662,2021-10-17 12:29:49.654000+00:00,Centro Prueba 1,Ninguna,Entel,30,ZTE CORPORATION,736023035923079,MF193A,710
-17.388821,-66.155042,-46,andy2662,2021-10-17 12:29:40.654000+00:00,Centro Prueba 1,Ninguna,Entel,29,ZTE CORPORATION,736023035923079,MF193A,709
-17.389239,-66.154979,-46,andy2662,2021-10-17 12:29:25.666000+00:00,Centro Prueba 1,Ninguna,Entel,25,ZTE CORPORATION,736023035923079,MF193A,708
-17.389839,-66.154833,-50,andy2662,2021-10-17 12:29:13.652000+00:00,Centro Prueba 1,Ninguna,Entel,24,ZTE CORPORATION,736023035923079,MF193A,707
-17.390072,-66.154836,-65,andy2662,2021-10-17 12:28:59.651000+00:00,Centro Prueba 1,Ninguna,Entel,24,ZTE CORPORATION,736023035923079,MF193A,706
-17.39054,-66.154831,-55,andy2662,2021-10-17 12:28:50.652000+00:00,Centro Prueba 1,Ninguna,Entel,26,ZTE CORPORATION,736023035923079,MF193A,705
-17.390809,-66.155423,-62,andy2662,2021-10-17 12:28:37.185000+00:00,Centro Prueba 1,Ninguna,Entel,23,ZTE CORPORATION,736023035923079,MF193A,704
-17.390227,-66.15597,-63,andy2662,2021-10-17 12:28:08.655000+00:00,Centro Prueba 1,Ninguna,Entel,18,ZTE CORPORATION,736023035923079,MF193A,703
-17.389706,-66.156085,-63,andy2662,2021-10-17 12:27:58.647000+00:00,Centro Prueba 1,Ninguna,Entel,18,ZTE CORPORATION,736023035923079,MF193A,702
-17.389427,-66.156113,-69,andy2662,2021-10-17 12:27:48.651000+00:00,Centro Prueba 1,Ninguna,Entel,23,ZTE CORPORATION,736023035923079,MF193A,701
-17.389079,-66.156114,-57,andy2662,2021-10-17 12:27:39.676000+00:00,Centro Prueba 1,Ninguna,Entel,32,ZTE CORPORATION,736023035923079,MF193A,700
-17.388602,-66.15619,-44,andy2662,2021-10-17 12:27:29.652000+00:00,Centro Prueba 1,Ninguna,Entel,32,ZTE CORPORATION,736023035923079,MF193A,699
-17.38827,-66.156265,-53,andy2662,2021-10-17 12:27:20.681000+00:00,Centro Prueba 1,Ninguna,Entel,26,ZTE CORPORATION,736023035923079,MF193A,698
-17.387721,-66.156272,-56,andy2662,2021-10-17 12:27:00.650000+00:00,Centro Prueba 1,Ninguna,Entel,24,ZTE CORPORATION,736023035923079,MF193A,697
-17.387399,-66.15634,-51,andy2662,2021-10-17 12:26:50.636000+00:00,Centro Prueba 1,Ninguna,Entel,29,ZTE CORPORATION,736023035923079,MF193A,696
-17.386692,-66.156855,-46,andy2662,2021-10-17 12:26:19.638000+00:00,Centro Prueba 1,Ninguna,Entel,31,ZTE CORPORATION,736023035923079,MF193A,695
-17.38642,-66.157022,-45,andy2662,2021-10-17 12:26:10.644000+00:00,Centro Prueba 1,Ninguna,Entel,31,ZTE CORPORATION,736023035923079,MF193A,694
-17.386329,-66.157039,-47,andy2662,2021-10-17 12:25:58.638000+00:00,Centro Prueba 1,Ninguna,Entel,32,ZTE CORPORATION,736023035923079,MF193A,693
-17.386,-66.157266,-56,andy2662,2021-10-17 12:25:49.635000+00:00,Centro Prueba 1,Ninguna,Entel,30,ZTE CORPORATION,736023035923079,MF193A,692
-17.385389,-66.157894,-44,andy2662,2021-10-17 12:25:38.172000+00:00,Centro Prueba 1,Ninguna,Entel,30,ZTE CORPORATION,736023035923079,MF193A,691
-17.386713,-66.157748,-43,andy2662,2021-10-17 12:25:09.628000+00:00,Centro Prueba 1,Ninguna,Entel,28,ZTE CORPORATION,736023035923079,MF193A,690
-17.387181,-66.157721,-51,andy2662,2021-10-17 12:24:58.616000+00:00,Centro Prueba 1,Ninguna,Entel,32,ZTE CORPORATION,736023035923079,MF193A,689
-17.387459,-66.157561,-52,andy2662,2021-10-17 12:24:35.608000+00:00,Centro Prueba 1,Ninguna,Entel,28,ZTE CORPORATION,736023035923079,MF193A,688
-17.388091,-66.157432,-48,andy2662,2021-10-17 12:24:25.647000+00:00,Centro Prueba 1,Ninguna,Entel,32,ZTE CORPORATION,736023035923079,MF193A,687
-17.388417,-66.157353,-41,andy2662,2021-10-17 12:24:15.626000+00:00,Centro Prueba 1,Ninguna,Entel,32,ZTE CORPORATION,736023035923079,MF193A,686
-17.388952,-66.157297,-55,andy2662,2021-10-17 12:24:05.617000+00:00,Centro Prueba 1,Ninguna,Entel,29,ZTE CORPORATION,736023035923079,MF193A,685
-17.389526,-66.157225,-49,andy2662,2021-10-17 12:23:55.599000+00:00,Centro Prueba 1,Ninguna,Entel,32,ZTE CORPORATION,736023035923079,MF193A,684
-17.390027,-66.157077,-51,andy2662,2021-10-17 12:23:46.612000+00:00,Centro Prueba 1,Ninguna,Entel,23,ZTE CORPORATION,736023035923079,MF193A,683
-17.390458,-66.157011,-47,andy2662,2021-10-17 12:23:36.614000+00:00,Centro Prueba 1,Ninguna,Entel,25,ZTE CORPORATION,736023035923079,MF193A,682
-17.390906,-66.15694,-54,andy2662,2021-10-17 12:23:27.618000+00:00,Centro Prueba 1,Ninguna,Entel,26,ZTE CORPORATION,736023035923079,MF193A,681
-17.391293,-66.156877,-66,andy2662,2021-10-17 12:23:18.618000+00:00,Centro Prueba 1,Ninguna,Entel,19,ZTE CORPORATION,736023035923079,MF193A,680
-17.391409,-66.156854,-65,andy2662,2021-10-17 12:23:08.607000+00:00,Centro Prueba 1,Ninguna,Entel,19,ZTE CORPORATION,736023035923079,MF193A,679
-17.391892,-66.156802,-66,andy2662,2021-10-17 12:22:55.618000+00:00,Centro Prueba 1,Ninguna,Entel,24,ZTE CORPORATION,736023035923079,MF193A,678
-17.392359,-66.156689,-55,andy2662,2021-10-17 12:22:46.658000+00:00,Centro Prueba 1,Ninguna,Entel,20,ZTE CORPORATION,736023035923079,MF193A,677
-17.392781,-66.156621,-59,andy2662,2021-10-17 12:22:36.618000+00:00,Centro Prueba 1,Ninguna,Entel,26,ZTE CORPORATION,736023035923079,MF193A,676
-17.393338,-66.156494,-57,andy2662,2021-10-17 12:22:27.161000+00:00,Centro Prueba 1,Ninguna,Entel,30,ZTE CORPORATION,736023035923079,MF193A,675
-17.393523,-66.1564,-48,andy2662,2021-10-17 12:22:03.620000+00:00,Centro Prueba 1,Ninguna,Entel,31,ZTE CORPORATION,736023035923079,MF193A,674
-17.394028,-66.156363,-51,andy2662,2021-10-17 12:21:50.620000+00:00,Centro Prueba 1,Ninguna,Entel,29,ZTE CORPORATION,736023035923079,MF193A,673
-17.394392,-66.156331,-48,andy2662,2021-10-17 12:21:41.619000+00:00,Centro Prueba 1,Ninguna,Entel,32,ZTE CORPORATION,736023035923079,MF193A,672
-17.394531,-66.15622,-53,andy2662,2021-10-17 12:21:28.619000+00:00,Centro Prueba 1,Ninguna,Entel,25,ZTE CORPORATION,736023035923079,MF193A,671
-17.394942,-66.156148,-62,andy2662,2021-10-17 12:21:19.635000+00:00,Centro Prueba 1,Ninguna,Entel,21,ZTE CORPORATION,736023035923079,MF193A,670
-17.395301,-66.156026,-61,andy2662,2021-10-17 12:21:09.622000+00:00,Centro Prueba 1,Ninguna,Entel,25,ZTE CORPORATION,736023035923079,MF193A,669
-17.395301,-66.15571,-60,andy2662,2021-10-17 12:20:59.622000+00:00,Centro Prueba 1,Ninguna,Entel,25,ZTE CORPORATION,736023035923079,MF193A,668
-17.395163,-66.155291,-53,andy2662,2021-10-17 12:20:49.627000+00:00,Centro Prueba 1,Ninguna,Entel,26,ZTE CORPORATION,736023035923079,MF193A,667
-17.395015,-66.155074,-54,andy2662,2021-10-17 12:20:40.623000+00:00,Centro Prueba 1,Ninguna,Entel,24,ZTE CORPORATION,736023035923079,MF193A,666
-17.394893,-66.155163,-60,andy2662,2021-10-17 12:20:15.622000+00:00,Centro Prueba 1,Ninguna,Entel,25,ZTE CORPORATION,736023035923079,MF193A,665
-17.394487,-66.155228,-62,andy2662,2021-10-17 12:20:05.629000+00:00,Centro Prueba 1,Ninguna,Entel,24,ZTE CORPORATION,736023035923079,MF193A,664
-17.394304,-66.155225,-53,andy2662,2021-10-17 12:19:56.625000+00:00,Centro Prueba 1,Ninguna,Entel,24,ZTE CORPORATION,736023035923079,MF193A,663
-17.393985,-66.155237,-54,andy2662,2021-10-17 12:19:47.620000+00:00,Centro Prueba 1,Ninguna,Entel,24,ZTE CORPORATION,736023035923079,MF193A,662
-17.393599,-66.155269,-57,andy2662,2021-10-17 12:19:38.621000+00:00,Centro Prueba 1,Ninguna,Entel,23,ZTE CORPORATION,736023035923079,MF193A,661
-17.392873,-66.155417,-61,andy2662,2021-10-17 12:19:29.157000+00:00,Centro Prueba 1,Ninguna,Entel,27,ZTE CORPORATION,736023035923079,MF193A,660
-17.392242,-66.155637,-69,andy2662,2021-10-17 12:19:00.620000+00:00,Centro Prueba 1,Ninguna,Entel,23,ZTE CORPORATION,736023035923079,MF193A,659
-17.392389,-66.156314,-55,andy2662,2021-10-17 12:18:48.614000+00:00,Centro Prueba 1,Ninguna,Entel,28,ZTE CORPORATION,736023035923079,MF193A,658
-17.392719,-66.156916,-56,andy2662,2021-10-17 12:18:38.603000+00:00,Centro Prueba 1,Ninguna,Entel,27,ZTE CORPORATION,736023035923079,MF193A,657
-17.39279,-66.156566,-59,andy2662,2021-10-17 12:18:11.573000+00:00,Centro Prueba 1,Ninguna,Entel,28,ZTE CORPORATION,736023035923079,MF193A,656
-17.393225,-66.156499,-53,andy2662,2021-10-17 12:18:01.572000+00:00,Centro Prueba 1,Ninguna,Entel,32,ZTE CORPORATION,736023035923079,MF193A,655
-17.393167,-66.156383,-50,andy2662,2021-10-17 12:17:49.579000+00:00,Centro Prueba 1,Ninguna,Entel,32,ZTE CORPORATION,736023035923079,MF193A,654
-17.393078,-66.156003,-41,andy2662,2021-10-17 12:17:39.581000+00:00,Centro Prueba 1,Ninguna,Entel,32,ZTE CORPORATION,736023035923079,MF193A,653
-17.393012,-66.155766,-52,andy2662,2021-10-17 12:17:29.582000+00:00,Centro Prueba 1,Ninguna,Entel,31,ZTE CORPORATION,736023035923079,MF193A,652
-17.392925,-66.15537,-56,andy2662,2021-10-17 12:17:18.589000+00:00,Centro Prueba 1,Ninguna,Entel,27,ZTE CORPORATION,736023035923079,MF193A,651
-17.393019,-66.155226,-53,andy2662,2021-10-17 12:16:47.593000+00:00,Centro Prueba 1,Ninguna,Entel,28,ZTE CORPORATION,736023035923079,MF193A,650
-17.392848,-66.154393,-60,andy2662,2021-10-17 12:16:37.168000+00:00,Centro Prueba 1,Ninguna,Entel,25,ZTE CORPORATION,736023035923079,MF193A,649
-17.392758,-66.154012,-60,andy2662,2021-10-17 12:16:00.150000+00:00,Centro Prueba 1,Ninguna,Entel,23,ZTE CORPORATION,736023035923079,MF193A,648
-17.392744,-66.158861,-43,andy2662,2021-10-17 11:54:19.626000+00:00,Centro Prueba 1,Ninguna,Entel,20,ZTE CORPORATION,736023035923079,MF193A,647
-17.395925,-66.156088,-64,andy2662,2021-10-17 11:52:14.092000+00:00,Centro Prueba 1,Ninguna,Entel,20,ZTE CORPORATION,736023035923079,MF193A,646
-17.396331,-66.156108,-55,andy2662,2021-10-17 11:52:02.625000+00:00,Centro Prueba 1,Ninguna,Entel,27,ZTE CORPORATION,736023035923079,MF193A,645
-17.396179,-66.156981,-50,andy2662,2021-10-17 11:51:35.639000+00:00,Centro Prueba 1,Ninguna,Entel,30,ZTE CORPORATION,736023035923079,MF193A,644
-17.395695,-66.157088,-50,andy2662,2021-10-17 11:51:25.638000+00:00,Centro Prueba 1,Ninguna,Entel,28,ZTE CORPORATION,736023035923079,MF193A,643
-17.395354,-66.157196,-57,andy2662,2021-10-17 11:51:16.630000+00:00,Centro Prueba 1,Ninguna,Entel,26,ZTE CORPORATION,736023035923079,MF193A,642
-17.395183,-66.157274,-56,andy2662,2021-10-17 11:50:56.625000+00:00,Centro Prueba 1,Ninguna,Entel,25,ZTE CORPORATION,736023035923079,MF193A,641
-17.394717,-66.157299,-57,andy2662,2021-10-17 11:50:47.630000+00:00,Centro Prueba 1,Ninguna,Entel,29,ZTE CORPORATION,736023035923079,MF193A,640
-17.394282,-66.157439,-50,andy2662,2021-10-17 11:50:35.632000+00:00,Centro Prueba 1,Ninguna,Entel,30,ZTE CORPORATION,736023035923079,MF193A,639
-17.394021,-66.157531,-50,andy2662,2021-10-17 11:50:16.635000+00:00,Centro Prueba 1,Ninguna,Entel,31,ZTE CORPORATION,736023035923079,MF193A,638
-17.393569,-66.157577,-44,andy2662,2021-10-17 11:50:06.626000+00:00,Centro Prueba 1,Ninguna,Entel,29,ZTE CORPORATION,736023035923079,MF193A,637
-17.393293,-66.157665,-52,andy2662,2021-10-17 11:49:57.635000+00:00,Centro Prueba 1,Ninguna,Entel,26,ZTE CORPORATION,736023035923079,MF193A,636
-17.392736,-66.157815,-57,andy2662,2021-10-17 11:49:45.639000+00:00,Centro Prueba 1,Ninguna,Entel,28,ZTE CORPORATION,736023035923079,MF193A,635
-17.392498,-66.158079,-53,andy2662,2021-10-17 11:49:33.639000+00:00,Centro Prueba 1,Ninguna,Entel,27,ZTE CORPORATION,736023035923079,MF193A,634
-17.392584,-66.158641,-55,andy2662,2021-10-17 11:49:25.225000+00:00,Centro Prueba 1,Ninguna,Entel,28,ZTE CORPORATION,736023035923079,MF193A,633
-17.392839,-66.158746,-53,andy2662,2021-10-17 11:49:08.652000+00:00,Centro Prueba 1,Ninguna,Entel,30,ZTE CORPORATION,736023035923079,MF193A,632
-17.393077,-66.15875,-53,andy2662,2021-10-17 11:48:33.692000+00:00,Centro Prueba 1,Ninguna,Entel,26,ZTE CORPORATION,736023035923079,MF193A,631
-17.393441,-66.158668,-53,andy2662,2021-10-17 11:48:24.651000+00:00,Centro Prueba 1,Ninguna,Entel,30,ZTE CORPORATION,736023035923079,MF193A,630
-17.393836,-66.15863,-46,andy2662,2021-10-17 11:48:14.653000+00:00,Centro Prueba 1,Ninguna,Entel,32,ZTE CORPORATION,736023035923079,MF193A,629
-17.393957,-66.158609,-49,andy2662,2021-10-17 11:47:59.658000+00:00,Centro Prueba 1,Ninguna,Entel,32,ZTE CORPORATION,736023035923079,MF193A,628
-17.394392,-66.158493,-51,andy2662,2021-10-17 11:47:46.666000+00:00,Centro Prueba 1,Ninguna,Entel,30,ZTE CORPORATION,736023035923079,MF193A,627
-17.394763,-66.158389,-47,andy2662,2021-10-17 11:47:37.677000+00:00,Centro Prueba 1,Ninguna,Entel,32,ZTE CORPORATION,736023035923079,MF193A,626
-17.394892,-66.158359,-49,andy2662,2021-10-17 11:47:28.672000+00:00,Centro Prueba 1,Ninguna,Entel,32,ZTE CORPORATION,736023035923079,MF193A,625
-17.39521,-66.158283,-49,andy2662,2021-10-17 11:47:18.677000+00:00,Centro Prueba 1,Ninguna,Entel,31,ZTE CORPORATION,736023035923079,MF193A,624
-17.395474,-66.158139,-59,andy2662,2021-10-17 11:47:09.682000+00:00,Centro Prueba 1,Ninguna,Entel,22,ZTE CORPORATION,736023035923079,MF193A,623
-17.395426,-66.157792,-42,andy2662,2021-10-17 11:47:00.682000+00:00,Centro Prueba 1,Ninguna,Entel,26,ZTE CORPORATION,736023035923079,MF193A,622
-17.395391,-66.157449,-49,andy2662,2021-10-17 11:46:51.688000+00:00,Centro Prueba 1,Ninguna,Entel,29,ZTE CORPORATION,736023035923079,MF193A,621
-17.395372,-66.157109,-53,andy2662,2021-10-17 11:46:42.691000+00:00,Centro Prueba 1,Ninguna,Entel,29,ZTE CORPORATION,736023035923079,MF193A,620
-17.395311,-66.156882,-52,andy2662,2021-10-17 11:46:14.166000+00:00,Centro Prueba 1,Ninguna,Entel,28,ZTE CORPORATION,736023035923079,MF193A,619
-17.395298,-66.156631,-58,andy2662,2021-10-17 11:46:04.719000+00:00,Centro Prueba 1,Ninguna,Entel,28,ZTE CORPORATION,736023035923079,MF193A,618
-17.395276,-66.156538,-55,andy2662,2021-10-17 11:45:50.730000+00:00,Centro Prueba 1,Ninguna,Entel,28,ZTE CORPORATION,736023035923079,MF193A,617
-17.395252,-66.156426,-52,andy2662,2021-10-17 11:45:40.727000+00:00,Centro Prueba 1,Ninguna,Entel,28,ZTE CORPORATION,736023035923079,MF193A,616
-17.395196,-66.156151,-48,andy2662,2021-10-17 11:45:30.725000+00:00,Centro Prueba 1,Ninguna,Entel,32,ZTE CORPORATION,736023035923079,MF193A,615
-17.395189,-66.156098,-43,andy2662,2021-10-17 11:45:20.723000+00:00,Centro Prueba 1,Ninguna,Entel,32,ZTE CORPORATION,736023035923079,MF193A,614
-17.39516,-66.155919,-52,andy2662,2021-10-17 11:45:10.737000+00:00,Centro Prueba 1,Ninguna,Entel,27,ZTE CORPORATION,736023035923079,MF193A,613
-17.395095,-66.155346,-56,andy2662,2021-10-17 11:44:58.722000+00:00,Centro Prueba 1,Ninguna,Entel,28,ZTE CORPORATION,736023035923079,MF193A,612
-17.395034,-66.154951,-50,andy2662,2021-10-17 11:44:49.734000+00:00,Centro Prueba 1,Ninguna,Entel,27,ZTE CORPORATION,736023035923079,MF193A,611
-17.395046,-66.15473,-41,andy2662,2021-10-17 11:44:38.724000+00:00,Centro Prueba 1,Ninguna,Entel,27,ZTE CORPORATION,736023035923079,MF193A,610
-17.395063,-66.154415,-55,andy2662,2021-10-17 11:44:29.717000+00:00,Centro Prueba 1,Ninguna,Entel,25,ZTE CORPORATION,736023035923079,MF193A,609
-17.395125,-66.154126,-47,andy2662,2021-10-17 11:44:20.717000+00:00,Centro Prueba 1,Ninguna,Entel,32,ZTE CORPORATION,736023035923079,MF193A,608
-17.395652,-66.153972,-54,andy2662,2021-10-17 11:44:04.717000+00:00,Centro Prueba 1,Ninguna,Entel,30,ZTE CORPORATION,736023035923079,MF193A,607
-17.395967,-66.153898,-50,andy2662,2021-10-17 11:43:55.714000+00:00,Centro Prueba 1,Ninguna,Entel,31,ZTE CORPORATION,736023035923079,MF193A,606
-17.396026,-66.154019,-48,andy2662,2021-10-17 11:43:45.714000+00:00,Centro Prueba 1,Ninguna,Entel,30,ZTE CORPORATION,736023035923079,MF193A,605
-17.396039,-66.154142,-54,andy2662,2021-10-17 11:43:36.262000+00:00,Centro Prueba 1,Ninguna,Entel,28,ZTE CORPORATION,736023035923079,MF193A,604
-17.396202,-66.154857,-49,andy2662,2021-10-17 11:43:06.715000+00:00,Centro Prueba 1,Ninguna,Entel,27,ZTE CORPORATION,736023035923079,MF193A,603
-17.396262,-66.155251,-59,andy2662,2021-10-17 11:42:57.727000+00:00,Centro Prueba 1,Ninguna,Entel,23,ZTE CORPORATION,736023035923079,MF193A,602
-17.396311,-66.155531,-55,andy2662,2021-10-17 11:42:48.710000+00:00,Centro Prueba 1,Ninguna,Entel,22,ZTE CORPORATION,736023035923079,MF193A,601
-17.39639,-66.155959,-57,andy2662,2021-10-17 11:42:39.710000+00:00,Centro Prueba 1,Ninguna,Entel,28,ZTE CORPORATION,736023035923079,MF193A,600
-17.396442,-66.156381,-55,andy2662,2021-10-17 11:42:29.710000+00:00,Centro Prueba 1,Ninguna,Entel,26,ZTE CORPORATION,736023035923079,MF193A,599
-17.396549,-66.156893,-53,andy2662,2021-10-17 11:42:19.709000+00:00,Centro Prueba 1,Ninguna,Entel,27,ZTE CORPORATION,736023035923079,MF193A,598
-17.396603,-66.157298,-58,andy2662,2021-10-17 11:42:10.706000+00:00,Centro Prueba 1,Ninguna,Entel,31,ZTE CORPORATION,736023035923079,MF193A,597
-17.396672,-66.157619,-52,andy2662,2021-10-17 11:41:59.706000+00:00,Centro Prueba 1,Ninguna,Entel,28,ZTE CORPORATION,736023035923079,MF193A,596
-17.396694,-66.157946,-50,andy2662,2021-10-17 11:41:50.703000+00:00,Centro Prueba 1,Ninguna,Entel,25,ZTE CORPORATION,736023035923079,MF193A,595
-17.397003,-66.158033,-49,andy2662,2021-10-17 11:41:35.706000+00:00,Centro Prueba 1,Ninguna,Entel,29,ZTE CORPORATION,736023035923079,MF193A,594
-17.39754,-66.157935,-43,andy2662,2021-10-17 11:41:21.703000+00:00,Centro Prueba 1,Ninguna,Entel,30,ZTE CORPORATION,736023035923079,MF193A,593
-17.397665,-66.157744,-49,andy2662,2021-10-17 11:41:12.734000+00:00,Centro Prueba 1,Ninguna,Entel,28,ZTE CORPORATION,736023035923079,MF193A,592
-17.397528,-66.15721,-51,andy2662,2021-10-17 11:40:57.699000+00:00,Centro Prueba 1,Ninguna,Entel,29,ZTE CORPORATION,736023035923079,MF193A,591
-17.39752,-66.156848,-49,andy2662,2021-10-17 11:40:48.699000+00:00,Centro Prueba 1,Ninguna,Entel,31,ZTE CORPORATION,736023035923079,MF193A,590
-17.397434,-66.15651,-39,andy2662,2021-10-17 11:40:38.701000+00:00,Centro Prueba 1,Ninguna,Entel,28,ZTE CORPORATION,736023035923079,MF193A,589
-17.397251,-66.155583,-56,andy2662,2021-10-17 11:40:27.234000+00:00,Centro Prueba 1,Ninguna,Entel,24,ZTE CORPORATION,736023035923079,MF193A,588
-17.397202,-66.154921,-40,andy2662,2021-10-17 11:40:11.697000+00:00,Centro Prueba 1,Ninguna,Entel,27,ZTE CORPORATION,736023035923079,MF193A,587
-17.397144,-66.1545,-52,andy2662,2021-10-17 11:40:03.702000+00:00,Centro Prueba 1,Ninguna,Entel,23,ZTE CORPORATION,736023035923079,MF193A,586
-17.397091,-66.153986,-46,andy2662,2021-10-17 11:39:42.696000+00:00,Centro Prueba 1,Ninguna,Entel,28,ZTE CORPORATION,736023035923079,MF193A,585
-17.397099,-66.153588,-46,andy2662,2021-10-17 11:39:33.698000+00:00,Centro Prueba 1,Ninguna,Entel,29,ZTE CORPORATION,736023035923079,MF193A,584
-17.397241,-66.153481,-50,andy2662,2021-10-17 11:39:24.698000+00:00,Centro Prueba 1,Ninguna,Entel,24,ZTE CORPORATION,736023035923079,MF193A,583
-17.3974,-66.153468,-36,andy2662,2021-10-17 11:39:15.698000+00:00,Centro Prueba 1,Ninguna,Entel,30,ZTE CORPORATION,736023035923079,MF193A,582
-17.397851,-66.153438,-50,andy2662,2021-10-17 11:39:04.695000+00:00,Centro Prueba 1,Ninguna,Entel,27,ZTE CORPORATION,736023035923079,MF193A,581
-17.398135,-66.153479,-57,andy2662,2021-10-17 11:38:55.715000+00:00,Centro Prueba 1,Ninguna,Entel,27,ZTE CORPORATION,736023035923079,MF193A,580
-17.398168,-66.153636,-57,andy2662,2021-10-17 11:38:24.697000+00:00,Centro Prueba 1,Ninguna,Entel,25,ZTE CORPORATION,736023035923079,MF193A,579
-17.398216,-66.153931,-54,andy2662,2021-10-17 11:38:08.702000+00:00,Centro Prueba 1,Ninguna,Entel,25,ZTE CORPORATION,736023035923079,MF193A,578
-17.398261,-66.154245,-57,andy2662,2021-10-17 11:37:30.708000+00:00,Centro Prueba 1,Ninguna,Entel,23,ZTE CORPORATION,736023035923079,MF193A,577
-17.398245,-66.154397,-54,andy2662,2021-10-17 11:37:18.709000+00:00,Centro Prueba 1,Ninguna,Entel,25,ZTE CORPORATION,736023035923079,MF193A,576
-17.39838,-66.154603,-55,andy2662,2021-10-17 11:36:57.744000+00:00,Centro Prueba 1,Ninguna,Entel,27,ZTE CORPORATION,736023035923079,MF193A,575
-17.398382,-66.154882,-44,andy2662,2021-10-17 11:36:33.702000+00:00,Centro Prueba 1,Ninguna,Entel,29,ZTE CORPORATION,736023035923079,MF193A,574
-17.398449,-66.155166,-49,andy2662,2021-10-17 11:36:24.707000+00:00,Centro Prueba 1,Ninguna,Entel,25,ZTE CORPORATION,736023035923079,MF193A,573
-17.398511,-66.155601,-47,andy2662,2021-10-17 11:36:14.129000+00:00,Centro Prueba 1,Ninguna,Entel,26,ZTE CORPORATION,736023035923079,MF193A,572
-17.398593,-66.15595,-51,andy2662,2021-10-17 11:35:53.696000+00:00,Centro Prueba 1,Ninguna,Entel,26,ZTE CORPORATION,736023035923079,MF193A,571
-17.398734,-66.156448,-57,andy2662,2021-10-17 11:35:44.689000+00:00,Centro Prueba 1,Ninguna,Entel,26,ZTE CORPORATION,736023035923079,MF193A,570
-17.398744,-66.156809,-40,andy2662,2021-10-17 11:35:35.704000+00:00,Centro Prueba 1,Ninguna,Entel,28,ZTE CORPORATION,736023035923079,MF193A,569
-17.398794,-66.157246,-50,andy2662,2021-10-17 11:35:26.691000+00:00,Centro Prueba 1,Ninguna,Entel,28,ZTE CORPORATION,736023035923079,MF193A,568
-17.398916,-66.157626,-48,andy2662,2021-10-17 11:35:16.697000+00:00,Centro Prueba 1,Ninguna,Entel,30,ZTE CORPORATION,736023035923079,MF193A,567
-17.39931,-66.157724,-40,andy2662,2021-10-17 11:35:05.691000+00:00,Centro Prueba 1,Ninguna,Entel,32,ZTE CORPORATION,736023035923079,MF193A,566
-17.399427,-66.15742,-32,andy2662,2021-10-17 11:34:55.706000+00:00,Centro Prueba 1,Ninguna,Entel,32,ZTE CORPORATION,736023035923079,MF193A,565
-17.399421,-66.156877,-49,andy2662,2021-10-17 11:34:43.691000+00:00,Centro Prueba 1,Ninguna,Entel,31,ZTE CORPORATION,736023035923079,MF193A,564
-17.399156,-66.156624,-47,andy2662,2021-10-17 11:34:33.227000+00:00,Centro Prueba 1,Ninguna,Entel,27,ZTE CORPORATION,736023035923079,MF193A,563
-17.398537,-66.156699,-46,andy2662,2021-10-17 11:34:07.694000+00:00,Centro Prueba 1,Ninguna,Entel,29,ZTE CORPORATION,736023035923079,MF193A,562
-17.398365,-66.156708,-47,andy2662,2021-10-17 11:33:50.691000+00:00,Centro Prueba 1,Ninguna,Entel,27,ZTE CORPORATION,736023035923079,MF193A,561
-17.398192,-66.156753,-60,andy2662,2021-10-17 11:33:42.687000+00:00,Centro Prueba 1,Ninguna,Entel,30,ZTE CORPORATION,736023035923079,MF193A,560
-17.397435,-66.156908,-48,andy2662,2021-10-17 11:33:29.728000+00:00,Centro Prueba 1,Ninguna,Entel,31,ZTE CORPORATION,736023035923079,MF193A,559
-17.396864,-66.156988,-46,andy2662,2021-10-17 11:33:15.694000+00:00,Centro Prueba 1,Ninguna,Entel,32,ZTE CORPORATION,736023035923079,MF193A,558
-17.396301,-66.157103,-48,andy2662,2021-10-17 11:33:06.741000+00:00,Centro Prueba 1,Ninguna,Entel,28,ZTE CORPORATION,736023035923079,MF193A,557
-17.395799,-66.15705,-48,andy2662,2021-10-17 11:32:57.694000+00:00,Centro Prueba 1,Ninguna,Entel,29,ZTE CORPORATION,736023035923079,MF193A,556
-17.395345,-66.156857,-47,andy2662,2021-10-17 11:32:38.689000+00:00,Centro Prueba 1,Ninguna,Entel,29,ZTE CORPORATION,736023035923079,MF193A,555
-17.395328,-66.156493,-53,andy2662,2021-10-17 11:32:29.681000+00:00,Centro Prueba 1,Ninguna,Entel,28,ZTE CORPORATION,736023035923079,MF193A,554
-17.39537,-66.156068,-48,andy2662,2021-10-17 11:32:20.679000+00:00,Centro Prueba 1,Ninguna,Entel,23,ZTE CORPORATION,736023035923079,MF193A,553
-17.395737,-66.155999,-65,andy2662,2021-10-17 11:32:11.677000+00:00,Centro Prueba 1,Ninguna,Entel,21,ZTE CORPORATION,736023035923079,MF193A,552
-17.396185,-66.156014,-58,andy2662,2021-10-17 11:32:02.674000+00:00,Centro Prueba 1,Ninguna,Entel,26,ZTE CORPORATION,736023035923079,MF193A,551
-17.396372,-66.156238,-56,andy2662,2021-10-17 11:31:53.670000+00:00,Centro Prueba 1,Ninguna,Entel,27,ZTE CORPORATION,736023035923079,MF193A,550
-17.396455,-66.156769,-50,andy2662,2021-10-17 11:31:43.678000+00:00,Centro Prueba 1,Ninguna,Entel,29,ZTE CORPORATION,736023035923079,MF193A,549
-17.396225,-66.157132,-51,andy2662,2021-10-17 11:31:34.662000+00:00,Centro Prueba 1,Ninguna,Entel,30,ZTE CORPORATION,736023035923079,MF193A,548
-17.395495,-66.157238,-55,andy2662,2021-10-17 11:31:25.186000+00:00,Centro Prueba 1,Ninguna,Entel,27,ZTE CORPORATION,736023035923079,MF193A,547
-17.394955,-66.157371,-51,andy2662,2021-10-17 11:30:50.620000+00:00,Centro Prueba 1,Ninguna,Entel,24,ZTE CORPORATION,736023035923079,MF193A,546
-17.39332,-66.157043,-53,andy2662,2021-10-17 11:30:34.618000+00:00,Centro Prueba 1,Ninguna,Entel,27,ZTE CORPORATION,736023035923079,MF193A,545
-17.392408,-66.157023,-53,andy2662,2021-10-17 11:30:24.617000+00:00,Centro Prueba 1,Ninguna,Entel,26,ZTE CORPORATION,736023035923079,MF193A,544
-17.394566,-66.15792,-48,andy2662,2021-10-17 11:30:14.659000+00:00,Centro Prueba 1,Ninguna,Entel,29,ZTE CORPORATION,736023035923079,MF193A,543
-17.394773,-66.158403,-50,andy2662,2021-10-17 11:29:57.622000+00:00,Centro Prueba 1,Ninguna,Entel,31,ZTE CORPORATION,736023035923079,MF193A,542
-17.395344,-66.15823,-52,andy2662,2021-10-17 11:29:07.669000+00:00,Centro Prueba 1,Ninguna,Entel,27,ZTE CORPORATION,736023035923079,MF193A,541
-17.356851,-66.200075,-58,andy2662,2021-10-17 00:28:07.636000+00:00,Scuba,Noche,Entel,25,ZTE CORPORATION,736023035923079,MF193A,540
-17.356857,-66.200047,-49,andy2662,2021-10-17 00:24:11.660000+00:00,Noche,Prueba 1,Tigo,28,ZTE CORPORATION,736030057419257,MF193A,539
-17.356862,-66.200051,-48,andy2662,2021-10-17 00:24:00.667000+00:00,Noche,Prueba 1,Tigo,28,ZTE CORPORATION,736030057419257,MF193A,538
-17.356857,-66.200054,-50,andy2662,2021-10-17 00:23:45.663000+00:00,Noche,Prueba 1,Tigo,28,ZTE CORPORATION,736030057419257,MF193A,537
-17.356835,-66.200047,-58,andy2662,2021-10-17 00:22:52.663000+00:00,Noche,Prueba 1,Entel,21,ZTE CORPORATION,736023035923079,MF193A,536
-17.356825,-66.200057,-67,andy2662,2021-10-17 00:20:29.665000+00:00,Noche,Prueba 1,Viva,21,ZTE CORPORATION,736010912233332,MF193A,535
-17.356814,-66.200046,-66,andy2662,2021-10-17 00:20:08.208000+00:00,Noche,Prueba 1,Viva,20,ZTE CORPORATION,736010912233332,MF193A,534
-17.35683,-66.200076,-59,andy2662,2021-10-14 10:16:51.660000+00:00,Nueva prueba,1234,Viva,23,ZTE CORPORATION,736010912233332,MF193A,533
-17.356659,-66.199807,-82,andres,2021-06-28 10:18:06.763000+00:00,Prueba Colcapirhua,En automovil,Viva,11,ZTE CORPORATION,736010912233332,MF193A,532
-17.356736,-66.199412,-81,andres,2021-06-28 10:17:57.747000+00:00,Prueba Colcapirhua,En automovil,Viva,12,ZTE CORPORATION,736010912233332,MF193A,531
-17.356845,-66.198925,-80,andres,2021-06-28 10:17:48.748000+00:00,Prueba Colcapirhua,En automovil,Viva,14,ZTE CORPORATION,736010912233332,MF193A,530
-17.356959,-66.19849,-70,andres,2021-06-28 10:17:39.740000+00:00,Prueba Colcapirhua,En automovil,Viva,16,ZTE CORPORATION,736010912233332,MF193A,529
-17.357409,-66.198301,-75,andres,2021-06-28 10:17:24.738000+00:00,Prueba Colcapirhua,En automovil,Viva,15,ZTE CORPORATION,736010912233332,MF193A,528
-17.357812,-66.198454,-81,andres,2021-06-28 10:17:15.761000+00:00,Prueba Colcapirhua,En automovil,Viva,12,ZTE CORPORATION,736010912233332,MF193A,527
-17.35854,-66.19868,-77,andres,2021-06-28 10:17:06.729000+00:00,Prueba Colcapirhua,En automovil,Viva,17,ZTE CORPORATION,736010912233332,MF193A,526
-17.359078,-66.198862,-75,andres,2021-06-28 10:16:57.728000+00:00,Prueba Colcapirhua,En automovil,Viva,18,ZTE CORPORATION,736010912233332,MF193A,525
-17.359536,-66.199038,-79,andres,2021-06-28 10:16:46.723000+00:00,Prueba Colcapirhua,En automovil,Viva,15,ZTE CORPORATION,736010912233332,MF193A,524
-17.360199,-66.199256,-79,andres,2021-06-28 10:16:37.715000+00:00,Prueba Colcapirhua,En automovil,Viva,17,ZTE CORPORATION,736010912233332,MF193A,523
-17.360541,-66.198759,-69,andres,2021-06-28 10:16:27.711000+00:00,Prueba Colcapirhua,En automovil,Viva,16,ZTE CORPORATION,736010912233332,MF193A,522
-17.360841,-66.198233,-68,andres,2021-06-28 10:16:18.704000+00:00,Prueba Colcapirhua,En automovil,Viva,18,ZTE CORPORATION,736010912233332,MF193A,521
-17.361138,-66.197661,-71,andres,2021-06-28 10:16:08.700000+00:00,Prueba Colcapirhua,En automovil,Viva,19,ZTE CORPORATION,736010912233332,MF193A,520
-17.361433,-66.197107,-71,andres,2021-06-28 10:15:56.697000+00:00,Prueba Colcapirhua,En automovil,Viva,21,ZTE CORPORATION,736010912233332,MF193A,519
-17.362223,-66.197238,-60,andres,2021-06-28 10:15:42.694000+00:00,Prueba Colcapirhua,En automovil,Viva,24,ZTE CORPORATION,736010912233332,MF193A,518
-17.364151,-66.197917,-68,andres,2021-06-28 10:15:23.692000+00:00,Prueba Colcapirhua,En automovil,Viva,20,ZTE CORPORATION,736010912233332,MF193A,517
-17.365094,-66.198242,-67,andres,2021-06-28 10:15:05.687000+00:00,Prueba Colcapirhua,En automovil,Viva,20,ZTE CORPORATION,736010912233332,MF193A,516
-17.36611,-66.198558,-65,andres,2021-06-28 10:14:54.693000+00:00,Prueba Colcapirhua,En automovil,Viva,20,ZTE CORPORATION,736010912233332,MF193A,515
-17.366801,-66.198751,-68,andres,2021-06-28 10:14:42.708000+00:00,Prueba Colcapirhua,En automovil,Viva,17,ZTE CORPORATION,736010912233332,MF193A,514
-17.366878,-66.198572,-73,andres,2021-06-28 10:14:27.383000+00:00,Prueba Colcapirhua,En automovil,Viva,17,ZTE CORPORATION,736010912233332,MF193A,513
-17.36706,-66.197863,-78,andres,2021-06-28 10:14:09.677000+00:00,Prueba Colcapirhua,En automovil,Viva,19,ZTE CORPORATION,736010912233332,MF193A,512
-17.367292,-66.196647,-69,andres,2021-06-28 10:13:56.675000+00:00,Prueba Colcapirhua,En automovil,Viva,21,ZTE CORPORATION,736010912233332,MF193A,511
-17.367452,-66.196136,-67,andres,2021-06-28 10:13:46.667000+00:00,Prueba Colcapirhua,En automovil,Viva,22,ZTE CORPORATION,736010912233332,MF193A,510
-17.368008,-66.196352,-67,andres,2021-06-28 10:13:32.673000+00:00,Prueba Colcapirhua,En automovil,Viva,23,ZTE CORPORATION,736010912233332,MF193A,509
-17.368652,-66.196554,-66,andres,2021-06-28 10:13:21.665000+00:00,Prueba Colcapirhua,En automovil,Viva,20,ZTE CORPORATION,736010912233332,MF193A,508
-17.368931,-66.19665,-66,andres,2021-06-28 10:13:11.664000+00:00,Prueba Colcapirhua,En automovil,Viva,20,ZTE CORPORATION,736010912233332,MF193A,507
-17.369233,-66.196753,-68,andres,2021-06-28 10:12:59.665000+00:00,Prueba Colcapirhua,En automovil,Viva,19,ZTE CORPORATION,736010912233332,MF193A,506
-17.370198,-66.197091,-75,andres,2021-06-28 10:12:46.654000+00:00,Prueba Colcapirhua,En automovil,Viva,19,ZTE CORPORATION,736010912233332,MF193A,505
-17.370697,-66.197277,-72,andres,2021-06-28 10:12:37.657000+00:00,Prueba Colcapirhua,En automovil,Viva,18,ZTE CORPORATION,736010912233332,MF193A,504
-17.371249,-66.197467,-69,andres,2021-06-28 10:12:28.666000+00:00,Prueba Colcapirhua,En automovil,Viva,18,ZTE CORPORATION,736010912233332,MF193A,503
-17.372029,-66.197786,-76,andres,2021-06-28 10:12:18.652000+00:00,Prueba Colcapirhua,En automovil,Viva,18,ZTE CORPORATION,736010912233332,MF193A,502
-17.372761,-66.198162,-72,andres,2021-06-28 10:12:09.655000+00:00,Prueba Colcapirhua,En automovil,Viva,20,ZTE CORPORATION,736010912233332,MF193A,501
-17.373373,-66.19849,-69,andres,2021-06-28 10:12:00.656000+00:00,Prueba Colcapirhua,En automovil,Viva,16,ZTE CORPORATION,736010912233332,MF193A,500
-17.373812,-66.19874,-70,andres,2021-06-28 10:11:51.651000+00:00,Prueba Colcapirhua,En automovil,Viva,19,ZTE CORPORATION,736010912233332,MF193A,499
-17.374079,-66.198916,-66,andres,2021-06-28 10:11:40.645000+00:00,Prueba Colcapirhua,En automovil,Viva,16,ZTE CORPORATION,736010912233332,MF193A,498
-17.373984,-66.199178,-73,andres,2021-06-28 10:11:31.679000+00:00,Prueba Colcapirhua,En automovil,Viva,15,ZTE CORPORATION,736010912233332,MF193A,497
-17.373626,-66.199912,-77,andres,2021-06-28 10:11:22.647000+00:00,Prueba Colcapirhua,En automovil,Viva,16,ZTE CORPORATION,736010912233332,MF193A,496
-17.373317,-66.200452,-81,andres,2021-06-28 10:11:13.649000+00:00,Prueba Colcapirhua,En automovil,Viva,16,ZTE CORPORATION,736010912233332,MF193A,495
-17.373195,-66.200714,-74,andres,2021-06-28 10:11:04.653000+00:00,Prueba Colcapirhua,En automovil,Viva,14,ZTE CORPORATION,736010912233332,MF193A,494
-17.373045,-66.201049,-80,andres,2021-06-28 10:10:55.647000+00:00,Prueba Colcapirhua,En automovil,Viva,17,ZTE CORPORATION,736010912233332,MF193A,493
-17.372707,-66.201643,-71,andres,2021-06-28 10:10:44.647000+00:00,Prueba Colcapirhua,En automovil,Viva,17,ZTE CORPORATION,736010912233332,MF193A,492
-17.371349,-66.204581,-54,andres,2021-06-28 10:10:08.680000+00:00,Prueba Colcapirhua,En automovil,Viva,23,ZTE CORPORATION,736010912233332,MF193A,491
-17.371005,-66.205337,-57,andres,2021-06-28 10:09:59.666000+00:00,Prueba Colcapirhua,En automovil,Viva,24,ZTE CORPORATION,736010912233332,MF193A,490
-17.370545,-66.206235,-66,andres,2021-06-28 10:09:50.615000+00:00,Prueba Colcapirhua,En automovil,Viva,25,ZTE CORPORATION,736010912233332,MF193A,489
-17.370306,-66.206783,-56,andres,2021-06-28 10:09:38.400000+00:00,Prueba Colcapirhua,En automovil,Viva,24,ZTE CORPORATION,736010912233332,MF193A,488
-17.370105,-66.207184,-61,andres,2021-06-28 10:09:29.406000+00:00,Prueba Colcapirhua,En automovil,Viva,26,ZTE CORPORATION,736010912233332,MF193A,487
-17.370701,-66.207344,-66,andres,2021-06-28 10:09:14.405000+00:00,Prueba Colcapirhua,En automovil,Viva,26,ZTE CORPORATION,736010912233332,MF193A,486
-17.371279,-66.207373,-58,andres,2021-06-28 10:09:01.417000+00:00,Prueba Colcapirhua,En automovil,Viva,22,ZTE CORPORATION,736010912233332,MF193A,485
-17.371806,-66.20737,-64,andres,2021-06-28 10:08:50.421000+00:00,Prueba Colcapirhua,En automovil,Viva,21,ZTE CORPORATION,736010912233332,MF193A,484
-17.372293,-66.207365,-58,andres,2021-06-28 10:08:41.427000+00:00,Prueba Colcapirhua,En automovil,Viva,22,ZTE CORPORATION,736010912233332,MF193A,483
-17.37314,-66.207382,-67,andres,2021-06-28 10:08:27.124000+00:00,Prueba Colcapirhua,En automovil,Viva,22,ZTE CORPORATION,736010912233332,MF193A,482
-17.373915,-66.207387,-64,andres,2021-06-28 10:07:59.450000+00:00,Prueba Colcapirhua,En automovil,Viva,20,ZTE CORPORATION,736010912233332,MF193A,481
-17.374593,-66.207409,-61,andres,2021-06-28 10:07:44.456000+00:00,Prueba Colcapirhua,En automovil,Viva,22,ZTE CORPORATION,736010912233332,MF193A,480
-17.37513,-66.207414,-73,andres,2021-06-28 10:07:33.471000+00:00,Prueba Colcapirhua,En automovil,Viva,16,ZTE CORPORATION,736010912233332,MF193A,479
-17.375545,-66.20741,-73,andres,2021-06-28 10:07:24.467000+00:00,Prueba Colcapirhua,En automovil,Viva,16,ZTE CORPORATION,736010912233332,MF193A,478
-17.376015,-66.207411,-81,andres,2021-06-28 10:07:14.476000+00:00,Prueba Colcapirhua,En automovil,Viva,14,ZTE CORPORATION,736010912233332,MF193A,477
-17.376429,-66.207436,-66,andres,2021-06-28 10:07:04.470000+00:00,Prueba Colcapirhua,En automovil,Viva,17,ZTE CORPORATION,736010912233332,MF193A,476
-17.376886,-66.20744,-73,andres,2021-06-28 10:06:55.484000+00:00,Prueba Colcapirhua,En automovil,Viva,12,ZTE CORPORATION,736010912233332,MF193A,475
-17.377656,-66.207455,-75,andres,2021-06-28 10:06:44.036000+00:00,Prueba Colcapirhua,En automovil,Viva,17,ZTE CORPORATION,736010912233332,MF193A,474
-17.378312,-66.207428,-72,andres,2021-06-28 10:06:27.177000+00:00,Prueba Colcapirhua,En automovil,Viva,22,ZTE CORPORATION,736010912233332,MF193A,473
-17.378675,-66.207424,-66,andres,2021-06-28 10:06:16.501000+00:00,Prueba Colcapirhua,En automovil,Viva,20,ZTE CORPORATION,736010912233332,MF193A,472
-17.379036,-66.207427,-67,andres,2021-06-28 10:06:04.512000+00:00,Prueba Colcapirhua,En automovil,Viva,12,ZTE CORPORATION,736010912233332,MF193A,471
-17.37934,-66.207446,-73,andres,2021-06-28 10:05:53.516000+00:00,Prueba Colcapirhua,En automovil,Viva,18,ZTE CORPORATION,736010912233332,MF193A,470
-17.379671,-66.207458,-69,andres,2021-06-28 10:05:42.522000+00:00,Prueba Colcapirhua,En automovil,Viva,18,ZTE CORPORATION,736010912233332,MF193A,469
-17.3803,-66.207631,-74,andres,2021-06-28 10:05:27.531000+00:00,Prueba Colcapirhua,En automovil,Viva,16,ZTE CORPORATION,736010912233332,MF193A,468
-17.380778,-66.20779,-80,andres,2021-06-28 10:05:17.534000+00:00,Prueba Colcapirhua,En automovil,Viva,12,ZTE CORPORATION,736010912233332,MF193A,467
-17.381349,-66.207964,-78,andres,2021-06-28 10:05:06.550000+00:00,Prueba Colcapirhua,En automovil,Viva,15,ZTE CORPORATION,736010912233332,MF193A,466
-17.381982,-66.208125,-75,andres,2021-06-28 10:04:55.545000+00:00,Prueba Colcapirhua,En automovil,Viva,15,ZTE CORPORATION,736010912233332,MF193A,465
-17.382995,-66.2079,-74,andres,2021-06-28 10:04:44.558000+00:00,Prueba Colcapirhua,En automovil,Viva,17,ZTE CORPORATION,736010912233332,MF193A,464
-17.383897,-66.207898,-71,andres,2021-06-28 10:04:35.558000+00:00,Prueba Colcapirhua,En automovil,Viva,17,ZTE CORPORATION,736010912233332,MF193A,463
-17.384548,-66.207858,-75,andres,2021-06-28 10:04:24.566000+00:00,Prueba Colcapirhua,En automovil,Viva,13,ZTE CORPORATION,736010912233332,MF193A,462
-17.384551,-66.207859,-78,andres,2021-06-28 10:04:15.569000+00:00,Prueba Colcapirhua,En automovil,Viva,12,ZTE CORPORATION,736010912233332,MF193A,461
-17.384565,-66.20786,-78,andres,2021-06-28 10:04:02.575000+00:00,Prueba Colcapirhua,En automovil,Viva,14,ZTE CORPORATION,736010912233332,MF193A,460
-17.384846,-66.207865,-80,andres,2021-06-28 10:03:53.580000+00:00,Prueba Colcapirhua,En automovil,Viva,14,ZTE CORPORATION,736010912233332,MF193A,459
-17.387189,-66.207884,-81,andres,2021-06-28 10:03:42.122000+00:00,Prueba Colcapirhua,En automovil,Viva,14,ZTE CORPORATION,736010912233332,MF193A,458
-17.388684,-66.207909,-64,andres,2021-06-28 10:03:27.268000+00:00,Prueba Colcapirhua,En automovil,Viva,22,ZTE CORPORATION,736010912233332,MF193A,457
-17.389719,-66.207951,-61,andres,2021-06-28 10:03:17.605000+00:00,Prueba Colcapirhua,En automovil,Viva,22,ZTE CORPORATION,736010912233332,MF193A,456
-17.390145,-66.207971,-48,andres,2021-06-28 10:03:03.613000+00:00,Prueba Colcapirhua,En automovil,Viva,26,ZTE CORPORATION,736010912233332,MF193A,455
-17.390612,-66.207991,-72,andres,2021-06-28 10:02:51.629000+00:00,Prueba Colcapirhua,En automovil,Viva,20,ZTE CORPORATION,736010912233332,MF193A,454
-17.391336,-66.20805,-69,andres,2021-06-28 10:02:39.641000+00:00,Prueba Colcapirhua,En automovil,Viva,20,ZTE CORPORATION,736010912233332,MF193A,453
-17.392135,-66.208108,-55,andres,2021-06-28 10:02:28.648000+00:00,Prueba Colcapirhua,En automovil,Viva,23,ZTE CORPORATION,736010912233332,MF193A,452
-17.392283,-66.208304,-65,andres,2021-06-28 10:01:55.685000+00:00,Prueba Colcapirhua,En automovil,Viva,22,ZTE CORPORATION,736010912233332,MF193A,451
-17.392277,-66.208559,-71,andres,2021-06-28 10:01:40.732000+00:00,Prueba Colcapirhua,En automovil,Viva,18,ZTE CORPORATION,736010912233332,MF193A,450
-17.392246,-66.20951,-72,andres,2021-06-28 10:01:27.802000+00:00,Prueba Colcapirhua,En automovil,Viva,19,ZTE CORPORATION,736010912233332,MF193A,449
-17.392174,-66.211265,-74,andres,2021-06-28 10:01:18.808000+00:00,Prueba Colcapirhua,En automovil,Viva,13,ZTE CORPORATION,736010912233332,MF193A,448
-17.392101,-66.213015,-69,andres,2021-06-28 10:01:10.800000+00:00,Prueba Colcapirhua,En automovil,Viva,12,ZTE CORPORATION,736010912233332,MF193A,447
-17.392004,-66.215177,-73,andres,2021-06-28 10:01:00.805000+00:00,Prueba Colcapirhua,En automovil,Viva,17,ZTE CORPORATION,736010912233332,MF193A,446
-17.39187,-66.218282,-70,andres,2021-06-28 10:00:50.343000+00:00,Prueba Colcapirhua,En automovil,Viva,14,ZTE CORPORATION,736010912233332,MF193A,445
-17.391812,-66.219724,-63,andres,2021-06-28 10:00:20.786000+00:00,Prueba Colcapirhua,En automovil,Viva,20,ZTE CORPORATION,736010912233332,MF193A,444
-17.39181,-66.219722,-70,andres,2021-06-28 10:00:11.783000+00:00,Prueba Colcapirhua,En automovil,Viva,18,ZTE CORPORATION,736010912233332,MF193A,443
-17.391803,-66.219732,-73,andres,2021-06-28 10:00:00.781000+00:00,Prueba Colcapirhua,En automovil,Viva,15,ZTE CORPORATION,736010912233332,MF193A,442
-17.39179,-66.219872,-61,andres,2021-06-28 09:59:51.773000+00:00,Prueba Colcapirhua,En automovil,Viva,19,ZTE CORPORATION,736010912233332,MF193A,441
-17.391759,-66.220554,-70,andres,2021-06-28 09:59:42.771000+00:00,Prueba Colcapirhua,En automovil,Viva,20,ZTE CORPORATION,736010912233332,MF193A,440
-17.391696,-66.221744,-63,andres,2021-06-28 09:59:31.762000+00:00,Prueba Colcapirhua,En automovil,Viva,26,ZTE CORPORATION,736010912233332,MF193A,439
-17.391629,-66.223312,-56,andres,2021-06-28 09:59:19.759000+00:00,Prueba Colcapirhua,En automovil,Viva,23,ZTE CORPORATION,736010912233332,MF193A,438
-17.391566,-66.224852,-56,andres,2021-06-28 09:59:08.749000+00:00,Prueba Colcapirhua,En automovil,Viva,24,ZTE CORPORATION,736010912233332,MF193A,437
-17.391502,-66.226287,-52,andres,2021-06-28 09:58:58.742000+00:00,Prueba Colcapirhua,En automovil,Viva,28,ZTE CORPORATION,736010912233332,MF193A,436
-17.391451,-66.227403,-56,andres,2021-06-28 09:58:49.733000+00:00,Prueba Colcapirhua,En automovil,Viva,27,ZTE CORPORATION,736010912233332,MF193A,435
-17.391403,-66.228482,-55,andres,2021-06-28 09:58:40.724000+00:00,Prueba Colcapirhua,En automovil,Viva,23,ZTE CORPORATION,736010912233332,MF193A,434
-17.391363,-66.229532,-62,andres,2021-06-28 09:58:31.709000+00:00,Prueba Colcapirhua,En automovil,Viva,22,ZTE CORPORATION,736010912233332,MF193A,433
-17.391334,-66.230426,-72,andres,2021-06-28 09:58:21.693000+00:00,Prueba Colcapirhua,En automovil,Viva,18,ZTE CORPORATION,736010912233332,MF193A,432
-17.391305,-66.230893,-66,andres,2021-06-28 09:58:12.675000+00:00,Prueba Colcapirhua,En automovil,Viva,17,ZTE CORPORATION,736010912233332,MF193A,431
-17.391281,-66.231358,-74,andres,2021-06-28 09:58:01.717000+00:00,Prueba Colcapirhua,En automovil,Viva,13,ZTE CORPORATION,736010912233332,MF193A,430
-17.391185,-66.233613,-70,andres,2021-06-28 09:57:49.223000+00:00,Prueba Colcapirhua,En automovil,Viva,14,ZTE CORPORATION,736010912233332,MF193A,429
-17.391055,-66.236664,-68,andres,2021-06-28 09:57:24.679000+00:00,Prueba Colcapirhua,En automovil,Viva,18,ZTE CORPORATION,736010912233332,MF193A,428
-17.391011,-66.237775,-70,andres,2021-06-28 09:57:16.674000+00:00,Prueba Colcapirhua,En automovil,Viva,18,ZTE CORPORATION,736010912233332,MF193A,427
-17.391024,-66.238692,-69,andres,2021-06-28 09:57:07.670000+00:00,Prueba Colcapirhua,En automovil,Viva,12,ZTE CORPORATION,736010912233332,MF193A,426
-17.39097,-66.238994,-73,andres,2021-06-28 09:56:58.675000+00:00,Prueba Colcapirhua,En automovil,Viva,15,ZTE CORPORATION,736010912233332,MF193A,425
-17.390967,-66.239004,-78,andres,2021-06-28 09:56:49.683000+00:00,Prueba Colcapirhua,En automovil,Viva,15,ZTE CORPORATION,736010912233332,MF193A,424
-17.390927,-66.239341,-73,andres,2021-06-28 09:56:37.691000+00:00,Prueba Colcapirhua,En automovil,Viva,18,ZTE CORPORATION,736010912233332,MF193A,423
-17.390894,-66.240545,-66,andres,2021-06-28 09:56:27.690000+00:00,Prueba Colcapirhua,En automovil,Viva,19,ZTE CORPORATION,736010912233332,MF193A,422
-17.390885,-66.241897,-74,andres,2021-06-28 09:56:18.702000+00:00,Prueba Colcapirhua,En automovil,Viva,15,ZTE CORPORATION,736010912233332,MF193A,421
-17.390915,-66.243664,-75,andres,2021-06-28 09:56:05.721000+00:00,Prueba Colcapirhua,En automovil,Viva,13,ZTE CORPORATION,736010912233332,MF193A,420
-17.39099,-66.244377,-78,andres,2021-06-28 09:55:56.727000+00:00,Prueba Colcapirhua,En automovil,Viva,15,ZTE CORPORATION,736010912233332,MF193A,419
-17.390726,-66.244556,-75,andres,2021-06-28 09:55:47.720000+00:00,Prueba Colcapirhua,En automovil,Viva,12,ZTE CORPORATION,736010912233332,MF193A,418
-17.390503,-66.244501,-77,andres,2021-06-28 09:55:32.717000+00:00,Prueba Colcapirhua,En automovil,Viva,14,ZTE CORPORATION,736010912233332,MF193A,417
-17.390139,-66.244502,-79,andres,2021-06-28 09:55:21.719000+00:00,Prueba Colcapirhua,En automovil,Viva,14,ZTE CORPORATION,736010912233332,MF193A,416
-17.389316,-66.244366,-78,andres,2021-06-28 09:45:15.625000+00:00,Test 1 Colcapirhua,En automovil,Viva,14,ZTE CORPORATION,736010912233332,MF193A,415
-17.389154,-66.244441,-76,andres,2021-06-28 09:44:58.627000+00:00,Test 1 Colcapirhua,En automovil,Viva,14,ZTE CORPORATION,736010912233332,MF193A,414
-17.38908,-66.244245,-75,andres,2021-06-28 09:44:49.629000+00:00,Test 1 Colcapirhua,En automovil,Viva,15,ZTE CORPORATION,736010912233332,MF193A,413
-17.389049,-66.243714,-67,andres,2021-06-28 09:44:33.627000+00:00,Test 1 Colcapirhua,En automovil,Viva,16,ZTE CORPORATION,736010912233332,MF193A,412
-17.389283,-66.243617,-70,andres,2021-06-28 09:44:24.629000+00:00,Test 1 Colcapirhua,En automovil,Viva,17,ZTE CORPORATION,736010912233332,MF193A,411
-17.389744,-66.243565,-71,andres,2021-06-28 09:44:16.632000+00:00,Test 1 Colcapirhua,En automovil,Viva,17,ZTE CORPORATION,736010912233332,MF193A,410
-17.39021,-66.243547,-75,andres,2021-06-28 09:44:05.632000+00:00,Test 1 Colcapirhua,En automovil,Viva,15,ZTE CORPORATION,736010912233332,MF193A,409
-17.390527,-66.243602,-71,andres,2021-06-28 09:43:57.638000+00:00,Test 1 Colcapirhua,En automovil,Viva,18,ZTE CORPORATION,736010912233332,MF193A,408
-17.390819,-66.243794,-74,andres,2021-06-28 09:43:46.639000+00:00,Test 1 Colcapirhua,En automovil,Viva,18,ZTE CORPORATION,736010912233332,MF193A,407
-17.39098,-66.243971,-77,andres,2021-06-28 09:43:36.640000+00:00,Test 1 Colcapirhua,En automovil,Viva,16,ZTE CORPORATION,736010912233332,MF193A,406
-17.390901,-66.245261,-70,andres,2021-06-28 09:43:10.656000+00:00,Test 1 Quillacollo,En automovil,Viva,14,ZTE CORPORATION,736010912233332,MF193A,405
-17.39095,-66.246626,-80,andres,2021-06-28 09:42:58.669000+00:00,Test 1 Quillacollo,En automovil,Viva,18,ZTE CORPORATION,736010912233332,MF193A,404
-17.391058,-66.248906,-65,andres,2021-06-28 09:42:49.241000+00:00,Test 1 Quillacollo,En automovil,Viva,20,ZTE CORPORATION,736010912233332,MF193A,403
-17.391293,-66.252013,-71,andres,2021-06-28 09:42:21.710000+00:00,Test 1 Quillacollo,En automovil,Viva,16,ZTE CORPORATION,736010912233332,MF193A,402
-17.391421,-66.253276,-73,andres,2021-06-28 09:42:12.724000+00:00,Test 1 Quillacollo,En automovil,Viva,17,ZTE CORPORATION,736010912233332,MF193A,401
-17.391537,-66.254409,-70,andres,2021-06-28 09:42:04.747000+00:00,Test 1 Quillacollo,En automovil,Viva,22,ZTE CORPORATION,736010912233332,MF193A,400
-17.391659,-66.255645,-66,andres,2021-06-28 09:41:55.776000+00:00,Test 1 Quillacollo,En automovil,Viva,18,ZTE CORPORATION,736010912233332,MF193A,399
-17.391772,-66.256823,-69,andres,2021-06-28 09:41:46.813000+00:00,Test 1 Quillacollo,En automovil,Viva,19,ZTE CORPORATION,736010912233332,MF193A,398
-17.391879,-66.257811,-72,andres,2021-06-28 09:41:37.855000+00:00,Test 1 Quillacollo,En automovil,Viva,22,ZTE CORPORATION,736010912233332,MF193A,397
-17.392027,-66.259265,-61,andres,2021-06-28 09:41:27.534000+00:00,Test 1 Quillacollo,En automovil,Viva,20,ZTE CORPORATION,736010912233332,MF193A,396
-17.392115,-66.260115,-65,andres,2021-06-28 09:41:16.841000+00:00,Test 1 Quillacollo,En automovil,Viva,18,ZTE CORPORATION,736010912233332,MF193A,395
-17.39215,-66.260495,-76,andres,2021-06-28 09:41:08.838000+00:00,Test 1 Quillacollo,En automovil,Viva,17,ZTE CORPORATION,736010912233332,MF193A,394
-17.392144,-66.260524,-70,andres,2021-06-28 09:40:56.836000+00:00,Test 1 Quillacollo,En automovil,Viva,18,ZTE CORPORATION,736010912233332,MF193A,393
-17.39214,-66.260529,-73,andres,2021-06-28 09:40:48.837000+00:00,Test 1 Quillacollo,En automovil,Viva,19,ZTE CORPORATION,736010912233332,MF193A,392
-17.392137,-66.260554,-70,andres,2021-06-28 09:40:40.827000+00:00,Test 1 Quillacollo,En automovil,Viva,19,ZTE CORPORATION,736010912233332,MF193A,391
-17.3922,-66.261303,-79,andres,2021-06-28 09:40:29.852000+00:00,Test 1 Quillacollo,En automovil,Viva,7,ZTE CORPORATION,736010912233332,MF193A,390
-17.392311,-66.262514,-78,andres,2021-06-28 09:40:21.829000+00:00,Test 1 Quillacollo,En automovil,Viva,5,ZTE CORPORATION,736010912233332,MF193A,389
-17.392445,-66.263826,-77,andres,2021-06-28 09:40:13.818000+00:00,Test 1 Quillacollo,En automovil,Viva,15,ZTE CORPORATION,736010912233332,MF193A,388
-17.392652,-66.265702,-75,andres,2021-06-28 09:40:02.816000+00:00,Test 1 Quillacollo,En automovil,Viva,16,ZTE CORPORATION,736010912233332,MF193A,387
-17.39278,-66.266997,-79,andres,2021-06-28 09:39:54.817000+00:00,Test 1 Quillacollo,En automovil,Viva,17,ZTE CORPORATION,736010912233332,MF193A,386
-17.39293,-66.268521,-64,andres,2021-06-28 09:39:44.807000+00:00,Test 1 Quillacollo,En automovil,Viva,20,ZTE CORPORATION,736010912233332,MF193A,385
-17.393035,-66.269626,-58,andres,2021-06-28 09:39:35.797000+00:00,Test 1 Quillacollo,En automovil,Viva,28,ZTE CORPORATION,736010912233332,MF193A,384
-17.393117,-66.270251,-64,andres,2021-06-28 09:39:27.799000+00:00,Test 1 Quillacollo,En automovil,Viva,22,ZTE CORPORATION,736010912233332,MF193A,383
-17.393167,-66.270518,-71,andres,2021-06-28 09:39:19.795000+00:00,Test 1 Quillacollo,En automovil,Viva,18,ZTE CORPORATION,736010912233332,MF193A,382
-17.393179,-66.270564,-74,andres,2021-06-28 09:39:11.792000+00:00,Test 1 Quillacollo,En automovil,Viva,19,ZTE CORPORATION,736010912233332,MF193A,381
-17.393207,-66.270743,-67,andres,2021-06-28 09:39:02.785000+00:00,Test 1 Quillacollo,En automovil,Viva,16,ZTE CORPORATION,736010912233332,MF193A,380
-17.393313,-66.271915,-63,andres,2021-06-28 09:38:50.777000+00:00,Test 1 Quillacollo,En automovil,Viva,23,ZTE CORPORATION,736010912233332,MF193A,379
-17.393471,-66.272681,-58,andres,2021-06-28 09:38:42.773000+00:00,Test 1 Quillacollo,En automovil,Viva,21,ZTE CORPORATION,736010912233332,MF193A,378
-17.39355,-66.273581,-77,andres,2021-06-28 09:38:32.806000+00:00,Test 1 Quillacollo,En automovil,Viva,15,ZTE CORPORATION,736010912233332,MF193A,377
-17.393656,-66.274509,-68,andres,2021-06-28 09:38:21.774000+00:00,Test 1 Quillacollo,En automovil,Viva,20,ZTE CORPORATION,736010912233332,MF193A,376
-17.393729,-66.275116,-65,andres,2021-06-28 09:38:12.756000+00:00,Test 1 Quillacollo,En automovil,Viva,21,ZTE CORPORATION,736010912233332,MF193A,375
-17.393752,-66.27554,-71,andres,2021-06-28 09:38:04.755000+00:00,Test 1 Quillacollo,En automovil,Viva,17,ZTE CORPORATION,736010912233332,MF193A,374
-17.393851,-66.27654,-84,andres,2021-06-28 09:37:54.753000+00:00,Test 1 Quillacollo,En automovil,Viva,16,ZTE CORPORATION,736010912233332,MF193A,373
-17.393938,-66.27752,-68,andres,2021-06-28 09:37:45.739000+00:00,Test 1 Quillacollo,En automovil,Viva,20,ZTE CORPORATION,736010912233332,MF193A,372
-17.393977,-66.278122,-69,andres,2021-06-28 09:37:36.734000+00:00,Test 1 Quillacollo,En automovil,Viva,21,ZTE CORPORATION,736010912233332,MF193A,371
-17.393789,-66.278192,-64,andres,2021-06-28 09:37:24.720000+00:00,Test 1 Quillacollo,En automovil,Viva,24,ZTE CORPORATION,736010912233332,MF193A,370
-17.393558,-66.278098,-61,andres,2021-06-28 09:37:15.719000+00:00,Test 1 Quillacollo,En automovil,Viva,25,ZTE CORPORATION,736010912233332,MF193A,369
-17.393548,-66.278101,-60,andres,2021-06-28 09:36:58.736000+00:00,Test 1 Quillacollo,En automovil,Viva,23,ZTE CORPORATION,736010912233332,MF193A,368
-17.392823,-66.278063,-66,andres,2021-06-28 09:36:49.268000+00:00,Test 1 Quillacollo,En automovil,Viva,21,ZTE CORPORATION,736010912233332,MF193A,367
-17.391536,-66.277459,-71,andres,2021-06-28 09:36:24.711000+00:00,Test 1 Quillacollo,En automovil,Viva,18,ZTE CORPORATION,736010912233332,MF193A,366
-17.391153,-66.27715,-70,andres,2021-06-28 09:36:15.717000+00:00,Test 1 Quillacollo,En automovil,Viva,19,ZTE CORPORATION,736010912233332,MF193A,365
-17.390766,-66.277082,-79,andres,2021-06-28 09:36:04.699000+00:00,Test 1 Quillacollo,En automovil,Viva,17,ZTE CORPORATION,736010912233332,MF193A,364
-17.390197,-66.277047,-71,andres,2021-06-28 09:35:55.701000+00:00,Test 1 Quillacollo,En automovil,Viva,18,ZTE CORPORATION,736010912233332,MF193A,363
-17.389667,-66.277046,-75,andres,2021-06-28 09:35:47.706000+00:00,Test 1 Quillacollo,En automovil,Viva,15,ZTE CORPORATION,736010912233332,MF193A,362
-17.389072,-66.277052,-72,andres,2021-06-28 09:35:38.706000+00:00,Test 1 Quillacollo,En automovil,Viva,19,ZTE CORPORATION,736010912233332,MF193A,361
-17.388876,-66.277061,-69,andres,2021-06-28 09:35:29.708000+00:00,Test 1 Quillacollo,En automovil,Viva,19,ZTE CORPORATION,736010912233332,MF193A,360
-17.388852,-66.277079,-71,andres,2021-06-28 09:35:20.708000+00:00,Test 1 Quillacollo,En automovil,Viva,19,ZTE CORPORATION,736010912233332,MF193A,359
-17.388821,-66.277091,-70,andres,2021-06-28 09:35:06.744000+00:00,Test 1 Quillacollo,En automovil,Viva,14,ZTE CORPORATION,736010912233332,MF193A,358
-17.388346,-66.277074,-79,andres,2021-06-28 09:34:56.697000+00:00,Test 1 Quillacollo,En automovil,Viva,16,ZTE CORPORATION,736010912233332,MF193A,357
-17.387068,-66.277066,-83,andres,2021-06-28 09:34:44.732000+00:00,Test 1 Quillacollo,En automovil,Viva,9,ZTE CORPORATION,736010912233332,MF193A,356
-17.386442,-66.277102,-78,andres,2021-06-28 09:34:33.695000+00:00,Test 1 Quillacollo,En automovil,Viva,13,ZTE CORPORATION,736010912233332,MF193A,355
-17.386135,-66.277098,-87,andres,2021-06-28 09:34:15.694000+00:00,Test 1 Quillacollo,En automovil,Viva,9,ZTE CORPORATION,736010912233332,MF193A,354
-17.385514,-66.277108,-80,andres,2021-06-28 09:34:07.693000+00:00,Test 1 Quillacollo,En automovil,Viva,12,ZTE CORPORATION,736010912233332,MF193A,353
-17.384544,-66.277116,-82,andres,2021-06-28 09:33:55.689000+00:00,Test 1 Quillacollo,En automovil,Viva,14,ZTE CORPORATION,736010912233332,MF193A,352
-17.38354,-66.277424,-72,andres,2021-06-28 09:33:46.142000+00:00,Test 1 Quillacollo,En automovil,Viva,11,ZTE CORPORATION,736010912233332,MF193A,351
-17.382495,-66.277694,-83,andres,2021-06-28 09:33:28.586000+00:00,Test 1 Quillacollo,En automovil,Viva,10,ZTE CORPORATION,736010912233332,MF193A,350
-17.381774,-66.277879,-80,andres,2021-06-28 09:33:16.590000+00:00,Test 1 Quillacollo,En automovil,Viva,11,ZTE CORPORATION,736010912233332,MF193A,349
-17.3811,-66.277909,-83,andres,2021-06-28 09:33:06.606000+00:00,Test 1 Quillacollo,En automovil,Viva,13,ZTE CORPORATION,736010912233332,MF193A,348
-17.380339,-66.277931,-85,andres,2021-06-28 09:32:55.590000+00:00,Test 1 Quillacollo,En automovil,Viva,12,ZTE CORPORATION,736010912233332,MF193A,347
-17.379701,-66.277955,-78,andres,2021-06-28 09:32:46.595000+00:00,Test 1 Quillacollo,En automovil,Viva,12,ZTE CORPORATION,736010912233332,MF193A,346
-17.379449,-66.277959,-79,andres,2021-06-28 09:32:37.600000+00:00,Test 1 Quillacollo,En automovil,Viva,14,ZTE CORPORATION,736010912233332,MF193A,345
-17.379257,-66.277965,-79,andres,2021-06-28 09:32:27.598000+00:00,Test 1 Quillacollo,En automovil,Viva,13,ZTE CORPORATION,736010912233332,MF193A,344
-17.378706,-66.277991,-85,andres,2021-06-28 09:32:18.606000+00:00,Test 1 Quillacollo,En automovil,Viva,11,ZTE CORPORATION,736010912233332,MF193A,343
-17.377595,-66.278039,-76,andres,2021-06-28 09:32:04.604000+00:00,Test 1 Quillacollo,En automovil,Viva,12,ZTE CORPORATION,736010912233332,MF193A,342
-17.376559,-66.278081,-87,andres,2021-06-28 09:31:51.605000+00:00,Test 1 Quillacollo,En automovil,Viva,8,ZTE CORPORATION,736010912233332,MF193A,341
-17.375779,-66.278006,-87,andres,2021-06-28 09:31:32.608000+00:00,Test 1 Quillacollo,En automovil,Viva,7,ZTE CORPORATION,736010912233332,MF193A,340
-17.375115,-66.277918,-88,andres,2021-06-28 09:31:20.611000+00:00,Test 1 Quillacollo,En automovil,Viva,10,ZTE CORPORATION,736010912233332,MF193A,339
-17.374818,-66.277872,-87,andres,2021-06-28 09:31:11.609000+00:00,Test 1 Quillacollo,En automovil,Viva,8,ZTE CORPORATION,736010912233332,MF193A,338
-17.374566,-66.277844,-87,andres,2021-06-28 09:31:02.614000+00:00,Test 1 Quillacollo,En automovil,Viva,11,ZTE CORPORATION,736010912233332,MF193A,337
-17.372578,-66.277499,-86,andres,2021-06-28 09:30:48.159000+00:00,Test 1 Quillacollo,En automovil,Viva,10,ZTE CORPORATION,736010912233332,MF193A,336
-17.370552,-66.27715,-85,andres,2021-06-28 09:30:20.630000+00:00,Test 1 Quillacollo,En automovil,Viva,10,ZTE CORPORATION,736010912233332,MF193A,335
-17.370056,-66.277065,-84,andres,2021-06-28 09:30:12.626000+00:00,Test 1 Quillacollo,En automovil,Viva,9,ZTE CORPORATION,736010912233332,MF193A,334
-17.369628,-66.276976,-86,andres,2021-06-28 09:29:57.652000+00:00,Test 1 Quillacollo,En automovil,Viva,10,ZTE CORPORATION,736010912233332,MF193A,333
-17.368416,-66.276772,-86,andres,2021-06-28 09:29:42.646000+00:00,Test 1 Quillacollo,En automovil,Viva,9,ZTE CORPORATION,736010912233332,MF193A,332
-17.367467,-66.276629,-90,andres,2021-06-28 09:29:32.651000+00:00,Test 1 Quillacollo,En automovil,Viva,8,ZTE CORPORATION,736010912233332,MF193A,331
-17.366452,-66.276476,-86,andres,2021-06-28 09:29:19.646000+00:00,Test 1 Quillacollo,En automovil,Viva,8,ZTE CORPORATION,736010912233332,MF193A,330
-17.365971,-66.276348,-90,andres,2021-06-28 09:29:07.653000+00:00,Test 1 Quillacollo,En automovil,Viva,8,ZTE CORPORATION,736010912233332,MF193A,329
-17.36542,-66.276184,-92,andres,2021-06-28 09:28:58.653000+00:00,Test 1 Quillacollo,En automovil,Viva,8,ZTE CORPORATION,736010912233332,MF193A,328
-17.364944,-66.276035,-87,andres,2021-06-28 09:28:47.654000+00:00,Test 1 Quillacollo,En automovil,Viva,8,ZTE CORPORATION,736010912233332,MF193A,327
-17.364547,-66.275914,-91,andres,2021-06-28 09:28:38.656000+00:00,Test 1 Quillacollo,En automovil,Viva,8,ZTE CORPORATION,736010912233332,MF193A,326
-17.364072,-66.275767,-80,andres,2021-06-28 09:28:24.657000+00:00,Test 1 Quillacollo,En automovil,Viva,9,ZTE CORPORATION,736010912233332,MF193A,325
-17.363806,-66.275694,-85,andres,2021-06-28 09:28:15.662000+00:00,Test 1 Quillacollo,En automovil,Viva,10,ZTE CORPORATION,736010912233332,MF193A,324
-17.363328,-66.275607,-85,andres,2021-06-28 09:28:02.662000+00:00,Test 1 Quillacollo,En automovil,Viva,10,ZTE CORPORATION,736010912233332,MF193A,323
-17.362659,-66.275493,-87,andres,2021-06-28 09:27:54.200000+00:00,Test 1 Quillacollo,En automovil,Viva,3,ZTE CORPORATION,736010912233332,MF193A,322
-17.361538,-66.275319,-90,andres,2021-06-28 09:27:23.666000+00:00,Test 1 Quillacollo,En automovil,Viva,6,ZTE CORPORATION,736010912233332,MF193A,321
-17.361069,-66.275261,-85,andres,2021-06-28 09:27:13.661000+00:00,Test 1 Quillacollo,En automovil,Viva,7,ZTE CORPORATION,736010912233332,MF193A,320
-17.360488,-66.275151,-93,andres,2021-06-28 09:27:01.670000+00:00,Test 1 Quillacollo,En automovil,Viva,7,ZTE CORPORATION,736010912233332,MF193A,319
-17.360162,-66.275075,-86,andres,2021-06-28 09:26:53.663000+00:00,Test 1 Quillacollo,En automovil,Viva,10,ZTE CORPORATION,736010912233332,MF193A,318
-17.359854,-66.275057,-83,andres,2021-06-28 09:26:44.674000+00:00,Test 1 Quillacollo,En automovil,Viva,11,ZTE CORPORATION,736010912233332,MF193A,317
-17.359291,-66.275039,-87,andres,2021-06-28 09:26:33.674000+00:00,Test 1 Quillacollo,En automovil,Viva,8,ZTE CORPORATION,736010912233332,MF193A,316
-17.358773,-66.275078,-88,andres,2021-06-28 09:26:24.678000+00:00,Test 1 Quillacollo,En automovil,Viva,10,ZTE CORPORATION,736010912233332,MF193A,315
-17.358238,-66.275041,-84,andres,2021-06-28 09:26:15.682000+00:00,Test 1 Quillacollo,En automovil,Viva,14,ZTE CORPORATION,736010912233332,MF193A,314
-17.357752,-66.274925,-77,andres,2021-06-28 09:26:05.680000+00:00,Test 1 Quillacollo,En automovil,Viva,14,ZTE CORPORATION,736010912233332,MF193A,313
-17.357335,-66.274795,-73,andres,2021-06-28 09:25:55.681000+00:00,Test 1 Quillacollo,En automovil,Viva,14,ZTE CORPORATION,736010912233332,MF193A,312
-17.356859,-66.274587,-72,andres,2021-06-28 09:25:45.684000+00:00,Test 1 Quillacollo,En automovil,Viva,17,ZTE CORPORATION,736010912233332,MF193A,311
-17.356423,-66.274467,-73,andres,2021-06-28 09:25:36.682000+00:00,Test 1 Quillacollo,En automovil,Viva,15,ZTE CORPORATION,736010912233332,MF193A,310
-17.355927,-66.274473,-78,andres,2021-06-28 09:25:28.684000+00:00,Test 1 Quillacollo,En automovil,Viva,11,ZTE CORPORATION,736010912233332,MF193A,309
-17.355318,-66.274328,-84,andres,2021-06-28 09:25:16.680000+00:00,Test 1 Quillacollo,En automovil,Viva,12,ZTE CORPORATION,736010912233332,MF193A,308
-17.354902,-66.27425,-83,andres,2021-06-28 09:25:07.676000+00:00,Test 1 Quillacollo,En automovil,Viva,13,ZTE CORPORATION,736010912233332,MF193A,307
-17.354515,-66.274112,-75,andres,2021-06-28 09:24:58.687000+00:00,Test 1 Quillacollo,En automovil,Viva,13,ZTE CORPORATION,736010912233332,MF193A,306
-17.353623,-66.273461,-82,andres,2021-06-28 09:24:36.676000+00:00,Test 1 El Paso,En automovil,Viva,12,ZTE CORPORATION,736010912233332,MF193A,305
-17.353071,-66.273026,-78,andres,2021-06-28 09:24:22.672000+00:00,Test 1 El Paso,En automovil,Viva,15,ZTE CORPORATION,736010912233332,MF193A,304
-17.352828,-66.272703,-78,andres,2021-06-28 09:24:13.671000+00:00,Test 1 El Paso,En automovil,Viva,11,ZTE CORPORATION,736010912233332,MF193A,303
-17.352451,-66.272458,-84,andres,2021-06-28 09:24:02.665000+00:00,Test 1 El Paso,En automovil,Viva,11,ZTE CORPORATION,736010912233332,MF193A,302
-17.351981,-66.272469,-78,andres,2021-06-28 09:23:52.657000+00:00,Test 1 El Paso,En automovil,Viva,16,ZTE CORPORATION,736010912233332,MF193A,301
-17.35168,-66.272597,-76,andres,2021-06-28 09:23:43.645000+00:00,Test 1 El Paso,En automovil,Viva,15,ZTE CORPORATION,736010912233332,MF193A,300
-17.351321,-66.272705,-71,andres,2021-06-28 09:23:34.650000+00:00,Test 1 El Paso,En automovil,Viva,18,ZTE CORPORATION,736010912233332,MF193A,299
-17.350962,-66.272849,-71,andres,2021-06-28 09:23:21.685000+00:00,Test 1 El Paso,En automovil,Viva,15,ZTE CORPORATION,736010912233332,MF193A,298
-17.350558,-66.272952,-75,andres,2021-06-28 09:23:12.763000+00:00,Test 1 El Paso,En automovil,Viva,15,ZTE CORPORATION,736010912233332,MF193A,297
-17.350289,-66.272525,-75,andres,2021-06-28 09:23:00.735000+00:00,Test 1 El Paso,En automovil,Viva,17,ZTE CORPORATION,736010912233332,MF193A,296
-17.350199,-66.271413,-81,andres,2021-06-28 09:22:38.731000+00:00,Test 1 El Paso,En automovil,Viva,13,ZTE CORPORATION,736010912233332,MF193A,295
-17.350218,-66.271006,-81,andres,2021-06-28 09:22:29.731000+00:00,Test 1 El Paso,En automovil,Viva,12,ZTE CORPORATION,736010912233332,MF193A,294
-17.350229,-66.270473,-77,andres,2021-06-28 09:22:16.742000+00:00,Test 1 El Paso,En automovil,Viva,14,ZTE CORPORATION,736010912233332,MF193A,293
-17.350241,-66.27013,-84,andres,2021-06-28 09:22:02.733000+00:00,Test 1 El Paso,En automovil,Viva,14,ZTE CORPORATION,736010912233332,MF193A,292
-17.35018,-66.269156,-79,andres,2021-06-28 09:21:47.323000+00:00,Test 1 El Paso,En automovil,Viva,9,ZTE CORPORATION,736010912233332,MF193A,291
-17.35015,-66.268605,-84,andres,2021-06-28 09:21:30.746000+00:00,Test 1 El Paso,En automovil,Viva,10,ZTE CORPORATION,736010912233332,MF193A,290
-17.350114,-66.268255,-84,andres,2021-06-28 09:21:21.756000+00:00,Test 1 El Paso,En automovil,Viva,10,ZTE CORPORATION,736010912233332,MF193A,289
-17.34931,-66.268128,-81,andres,2021-06-28 09:20:54.745000+00:00,Test 1 El Paso,En automovil,Viva,13,ZTE CORPORATION,736010912233332,MF193A,288
-17.3488,-66.26813,-78,andres,2021-06-28 09:20:44.753000+00:00,Test 1 El Paso,En automovil,Viva,15,ZTE CORPORATION,736010912233332,MF193A,287
-17.348087,-66.268145,-66,andres,2021-06-28 09:20:00.821000+00:00,Test 1 El Paso,En automovil,Viva,20,ZTE CORPORATION,736010912233332,MF193A,286
-17.347033,-66.268264,-59,andres,2021-06-28 09:19:37.820000+00:00,Test 1 El Paso,En automovil,Viva,21,ZTE CORPORATION,736010912233332,MF193A,285
-17.346376,-66.268355,-63,andres,2021-06-28 09:19:24.818000+00:00,Test 1 El Paso,En automovil,Viva,18,ZTE CORPORATION,736010912233332,MF193A,284
-17.345808,-66.268436,-71,andres,2021-06-28 09:19:12.816000+00:00,Test 1 El Paso,En automovil,Viva,19,ZTE CORPORATION,736010912233332,MF193A,283
-17.345265,-66.268515,-69,andres,2021-06-28 09:18:59.828000+00:00,Test 1 El Paso,En automovil,Viva,19,ZTE CORPORATION,736010912233332,MF193A,282
-17.344482,-66.268434,-61,andres,2021-06-28 09:18:36.807000+00:00,Test 1 El Paso,En automovil,Viva,22,ZTE CORPORATION,736010912233332,MF193A,281
-17.343898,-66.268352,-66,andres,2021-06-28 09:18:27.454000+00:00,Test 1 El Paso,En automovil,Viva,23,ZTE CORPORATION,736010912233332,MF193A,280
-17.343462,-66.26814,-57,andres,2021-06-28 09:18:17.800000+00:00,Test 1 El Paso,En automovil,Viva,25,ZTE CORPORATION,736010912233332,MF193A,279
-17.342267,-66.26739,-54,andres,2021-06-28 09:17:43.795000+00:00,Test 1 El Paso,En automovil,Viva,24,ZTE CORPORATION,736010912233332,MF193A,278
-17.341409,-66.267383,-53,andres,2021-06-28 09:17:27.786000+00:00,Test 1 El Paso,En automovil,Viva,24,ZTE CORPORATION,736010912233332,MF193A,277
-17.341016,-66.267192,-57,andres,2021-06-28 09:17:18.788000+00:00,Test 1 El Paso,En automovil,Viva,24,ZTE CORPORATION,736010912233332,MF193A,276
-17.340515,-66.266993,-52,andres,2021-06-28 09:17:06.788000+00:00,Test 1 El Paso,En automovil,Viva,26,ZTE CORPORATION,736010912233332,MF193A,275
-17.339837,-66.266944,-54,andres,2021-06-28 09:16:43.777000+00:00,Test 1 El Paso,En automovil,Viva,23,ZTE CORPORATION,736010912233332,MF193A,274
-17.339156,-66.266929,-62,andres,2021-06-28 09:16:22.775000+00:00,Test 1 El Paso,En automovil,Viva,23,ZTE CORPORATION,736010912233332,MF193A,273
-17.338586,-66.266923,-58,andres,2021-06-28 09:16:11.772000+00:00,Test 1 El Paso,En automovil,Viva,22,ZTE CORPORATION,736010912233332,MF193A,272
-17.338522,-66.266939,-60,andres,2021-06-28 09:16:02.765000+00:00,Test 1 El Paso,En automovil,Viva,20,ZTE CORPORATION,736010912233332,MF193A,271
-17.338233,-66.266936,-57,andres,2021-06-28 09:15:52.793000+00:00,Test 1 El Paso,En automovil,Viva,27,ZTE CORPORATION,736010912233332,MF193A,270
-17.337796,-66.266903,-62,andres,2021-06-28 09:15:43.766000+00:00,Test 1 El Paso,En automovil,Viva,25,ZTE CORPORATION,736010912233332,MF193A,269
-17.337321,-66.266898,-56,andres,2021-06-28 09:15:30.762000+00:00,Test 1 El Paso,En automovil,Viva,26,ZTE CORPORATION,736010912233332,MF193A,268
-17.336823,-66.266885,-58,andres,2021-06-28 09:15:21.799000+00:00,Test 1 El Paso,En automovil,Viva,29,ZTE CORPORATION,736010912233332,MF193A,267
-17.33644,-66.266868,-53,andres,2021-06-28 09:15:12.758000+00:00,Test 1 El Paso,En automovil,Viva,23,ZTE CORPORATION,736010912233332,MF193A,266
-17.336143,-66.267088,-62,andres,2021-06-28 09:14:53.747000+00:00,Test 1 El Paso,En automovil,Viva,23,ZTE CORPORATION,736010912233332,MF193A,265
-17.336191,-66.267439,-73,andres,2021-06-28 09:14:40.749000+00:00,Test 1 El Paso,En automovil,Viva,21,ZTE CORPORATION,736010912233332,MF193A,264
-17.336206,-66.268256,-66,andres,2021-06-28 09:14:11.742000+00:00,Test 1 El Paso,En automovil,Viva,19,ZTE CORPORATION,736010912233332,MF193A,263
-17.336105,-66.268424,-68,andres,2021-06-28 09:13:48.733000+00:00,Test 1 El Paso,En automovil,Viva,22,ZTE CORPORATION,736010912233332,MF193A,262
-17.336314,-66.268427,-71,andres,2021-06-28 09:13:31.743000+00:00,Test 1 El Paso,En automovil,Viva,18,ZTE CORPORATION,736010912233332,MF193A,261
-17.336904,-66.26842,-81,andres,2021-06-28 09:13:10.725000+00:00,Test 1 El Paso,En automovil,Viva,11,ZTE CORPORATION,736010912233332,MF193A,260
-17.337214,-66.268288,-63,andres,2021-06-28 09:12:57.715000+00:00,Test 1 El Paso,En automovil,Viva,18,ZTE CORPORATION,736010912233332,MF193A,259
-17.337468,-66.267894,-72,andres,2021-06-28 09:12:44.705000+00:00,Test 1 El Paso,En automovil,Viva,27,ZTE CORPORATION,736010912233332,MF193A,258
-17.337712,-66.267145,-56,andres,2021-06-28 09:12:23.707000+00:00,Test 1 El Paso,En automovil,Viva,28,ZTE CORPORATION,736010912233332,MF193A,257
-17.337752,-66.266672,-48,andres,2021-06-28 09:12:12.704000+00:00,Test 1 El Paso,En automovil,Viva,24,ZTE CORPORATION,736010912233332,MF193A,256
-17.337765,-66.266127,-55,andres,2021-06-28 09:12:02.704000+00:00,Test 1 El Paso,En automovil,Viva,27,ZTE CORPORATION,736010912233332,MF193A,255
-17.337792,-66.265485,-55,andres,2021-06-28 09:11:47.707000+00:00,Test 1 El Paso,En automovil,Viva,24,ZTE CORPORATION,736010912233332,MF193A,254
-17.337765,-66.264991,-66,andres,2021-06-28 09:11:34.708000+00:00,Test 1 El Paso,En automovil,Viva,18,ZTE CORPORATION,736010912233332,MF193A,253
-17.337785,-66.264495,-67,andres,2021-06-28 09:11:20.713000+00:00,Test 1 El Paso,En automovil,Viva,22,ZTE CORPORATION,736010912233332,MF193A,252
-17.337768,-66.263855,-53,andres,2021-06-28 09:11:08.712000+00:00,Test 1 El Paso,En automovil,Viva,22,ZTE CORPORATION,736010912233332,MF193A,251
-17.337688,-66.263541,-63,andres,2021-06-28 09:10:59.704000+00:00,Test 1 El Paso,En automovil,Viva,21,ZTE CORPORATION,736010912233332,MF193A,250
-17.337582,-66.26324,-61,andres,2021-06-28 09:10:47.702000+00:00,Test 1 El Paso,En automovil,Viva,24,ZTE CORPORATION,736010912233332,MF193A,249
-17.337288,-66.262874,-56,andres,2021-06-28 09:10:36.720000+00:00,Test 1 El Paso,En automovil,Viva,23,ZTE CORPORATION,736010912233332,MF193A,248
-17.337041,-66.262507,-64,andres,2021-06-28 09:10:25.729000+00:00,Test 1 El Paso,En automovil,Viva,20,ZTE CORPORATION,736010912233332,MF193A,247
-17.336897,-66.262299,-63,andres,2021-06-28 09:10:16.740000+00:00,Test 1 El Paso,En automovil,Viva,22,ZTE CORPORATION,736010912233332,MF193A,246
-17.336686,-66.261951,-66,andres,2021-06-28 09:10:04.740000+00:00,Test 1 El Paso,En automovil,Viva,19,ZTE CORPORATION,736010912233332,MF193A,245
-17.336433,-66.261487,-66,andres,2021-06-28 09:09:46.734000+00:00,Test 1 El Paso,En automovil,Viva,20,ZTE CORPORATION,736010912233332,MF193A,244
-17.336413,-66.261212,-61,andres,2021-06-28 09:09:36.770000+00:00,Test 1 El Paso,En automovil,Viva,23,ZTE CORPORATION,736010912233332,MF193A,243
-17.336396,-66.260737,-62,andres,2021-06-28 09:09:21.732000+00:00,Test 1 El Paso,En automovil,Viva,22,ZTE CORPORATION,736010912233332,MF193A,242
-17.336406,-66.260317,-60,andres,2021-06-28 09:09:08.726000+00:00,Test 1 El Paso,En automovil,Viva,24,ZTE CORPORATION,736010912233332,MF193A,241
-17.336357,-66.259854,-61,andres,2021-06-28 09:08:55.726000+00:00,Test 1 El Paso,En automovil,Viva,23,ZTE CORPORATION,736010912233332,MF193A,240
-17.336321,-66.259426,-62,andres,2021-06-28 09:08:44.718000+00:00,Test 1 El Paso,En automovil,Viva,22,ZTE CORPORATION,736010912233332,MF193A,239
-17.336269,-66.258904,-66,andres,2021-06-28 09:08:32.726000+00:00,Test 1 El Paso,En automovil,Viva,21,ZTE CORPORATION,736010912233332,MF193A,238
-17.336221,-66.258549,-62,andres,2021-06-28 09:08:22.725000+00:00,Test 1 El Paso,En automovil,Viva,22,ZTE CORPORATION,736010912233332,MF193A,237
-17.33611,-66.258066,-69,andres,2021-06-28 09:08:10.724000+00:00,Test 1 El Paso,En automovil,Viva,17,ZTE CORPORATION,736010912233332,MF193A,236
-17.335984,-66.257667,-76,andres,2021-06-28 09:08:00.727000+00:00,Test 1 El Paso,En automovil,Viva,13,ZTE CORPORATION,736010912233332,MF193A,235
-17.335844,-66.257258,-76,andres,2021-06-28 09:07:49.711000+00:00,Test 1 El Paso,En automovil,Viva,16,ZTE CORPORATION,736010912233332,MF193A,234
-17.335753,-66.257021,-74,andres,2021-06-28 09:07:39.717000+00:00,Test 1 El Paso,En automovil,Viva,16,ZTE CORPORATION,736010912233332,MF193A,233
-17.335592,-66.256585,-78,andres,2021-06-28 09:07:29.723000+00:00,Test 1 El Paso,En automovil,Viva,15,ZTE CORPORATION,736010912233332,MF193A,232
-17.335334,-66.256048,-75,andres,2021-06-28 09:07:18.719000+00:00,Test 1 El Paso,En automovil,Viva,16,ZTE CORPORATION,736010912233332,MF193A,231
-17.334818,-66.255386,-79,andres,2021-06-28 09:07:02.696000+00:00,Test 1 Tiquipaya,En automovil,Viva,13,ZTE CORPORATION,736010912233332,MF193A,230
-17.334352,-66.254766,-83,andres,2021-06-28 09:06:51.688000+00:00,Test 1 Tiquipaya,En automovil,Viva,7,ZTE CORPORATION,736010912233332,MF193A,229
-17.333478,-66.253684,-69,andres,2021-06-28 09:06:29.658000+00:00,Test 1 Tiquipaya,En automovil,Viva,12,ZTE CORPORATION,736010912233332,MF193A,228
-17.333269,-66.253373,-85,andres,2021-06-28 09:06:19.661000+00:00,Test 1 Tiquipaya,En automovil,Viva,11,ZTE CORPORATION,736010912233332,MF193A,227
-17.332788,-66.252219,-84,andres,2021-06-28 09:05:55.607000+00:00,Test 1 Tiquipaya,En automovil,Viva,13,ZTE CORPORATION,736010912233332,MF193A,226
-17.332541,-66.251566,-80,andres,2021-06-28 09:05:43.613000+00:00,Test 1 Tiquipaya,En automovil,Viva,14,ZTE CORPORATION,736010912233332,MF193A,225
-17.332234,-66.250579,-73,andres,2021-06-28 09:05:24.623000+00:00,Test 1 Tiquipaya,En automovil,Viva,12,ZTE CORPORATION,736010912233332,MF193A,224
-17.331988,-66.250131,-85,andres,2021-06-28 09:05:15.625000+00:00,Test 1 Tiquipaya,En automovil,Viva,7,ZTE CORPORATION,736010912233332,MF193A,223
-17.331545,-66.249824,-87,andres,2021-06-28 09:05:04.636000+00:00,Test 1 Tiquipaya,En automovil,Viva,5,ZTE CORPORATION,736010912233332,MF193A,222
-17.331267,-66.249605,-87,andres,2021-06-28 09:04:51.645000+00:00,Test 1 Tiquipaya,En automovil,Viva,8,ZTE CORPORATION,736010912233332,MF193A,221
-17.330881,-66.249192,-89,andres,2021-06-28 09:04:42.648000+00:00,Test 1 Tiquipaya,En automovil,Viva,6,ZTE CORPORATION,736010912233332,MF193A,220
-17.330474,-66.248766,-96,andres,2021-06-28 09:04:33.655000+00:00,Test 1 Tiquipaya,En automovil,Viva,3,ZTE CORPORATION,736010912233332,MF193A,219
-17.329758,-66.248051,-88,andres,2021-06-28 09:04:21.700000+00:00,Test 1 Tiquipaya,En automovil,Viva,7,ZTE CORPORATION,736010912233332,MF193A,218
-17.328989,-66.247212,-86,andres,2021-06-28 09:04:07.722000+00:00,Test 1 Tiquipaya,En automovil,Viva,8,ZTE CORPORATION,736010912233332,MF193A,217
-17.328723,-66.2467,-85,andres,2021-06-28 09:03:57.360000+00:00,Test 1 Tiquipaya,En automovil,Viva,9,ZTE CORPORATION,736010912233332,MF193A,216
-17.328679,-66.246534,-88,andres,2021-06-28 09:03:21.906000+00:00,Test 1 Tiquipaya,En automovil,Viva,7,ZTE CORPORATION,736010912233332,MF193A,215
-17.328649,-66.24647,-83,andres,2021-06-28 09:03:08.890000+00:00,Test 1 Tiquipaya,En automovil,Viva,11,ZTE CORPORATION,736010912233332,MF193A,214
-17.328667,-66.246222,-54,andres,2021-06-28 09:02:20.910000+00:00,Test 1 Tiquipaya,En automovil,Viva,30,ZTE CORPORATION,736010912233332,MF193A,213
-17.328712,-66.245992,-52,andres,2021-06-28 09:02:11.902000+00:00,Test 1 Tiquipaya,En automovil,Viva,31,ZTE CORPORATION,736010912233332,MF193A,212
-17.328795,-66.245356,-49,andres,2021-06-28 09:02:01.892000+00:00,Test 1 Tiquipaya,En automovil,Viva,28,ZTE CORPORATION,736010912233332,MF193A,211
-17.328903,-66.244599,-46,andres,2021-06-28 09:01:51.930000+00:00,Test 1 Tiquipaya,En automovil,Viva,28,ZTE CORPORATION,736010912233332,MF193A,210
-17.328969,-66.244119,-48,andres,2021-06-28 09:01:42.895000+00:00,Test 1 Tiquipaya,En automovil,Viva,31,ZTE CORPORATION,736010912233332,MF193A,209
-17.32901,-66.243724,-46,andres,2021-06-28 09:01:29.888000+00:00,Test 1 Tiquipaya,En automovil,Viva,32,ZTE CORPORATION,736010912233332,MF193A,208
-17.329228,-66.24262,-90,andres,2021-06-28 09:00:57.883000+00:00,Test 1 Tiquipaya,En automovil,Viva,5,ZTE CORPORATION,736010912233332,MF193A,207
-17.329275,-66.242347,-84,andres,2021-06-28 09:00:45.881000+00:00,Test 1 Tiquipaya,En automovil,Viva,30,ZTE CORPORATION,736010912233332,MF193A,206
-17.329503,-66.241841,-47,andres,2021-06-28 09:00:27.518000+00:00,Test 1 Tiquipaya,En automovil,Viva,26,ZTE CORPORATION,736010912233332,MF193A,205
-17.329533,-66.24177,-94,andres,2021-06-28 08:58:57.883000+00:00,Test 1 Tiquipaya,En automovil,Viva,4,ZTE CORPORATION,736010912233332,MF193A,204
-17.329531,-66.241767,-94,andres,2021-06-28 08:58:47.868000+00:00,Test 1 Tiquipaya,En automovil,Viva,1,ZTE CORPORATION,736010912233332,MF193A,203
-17.329524,-66.241769,-242,andres,2021-06-28 08:58:33.861000+00:00,Test 1 Tiquipaya,En automovil,Viva,1,ZTE CORPORATION,736010912233332,MF193A,202
-17.329624,-66.241643,-47,andres,2021-06-28 08:52:51.492000+00:00,Test 1 Tiquipaya,En automovil,Viva,32,ZTE CORPORATION,736010912233332,MF193A,201
-17.329615,-66.241636,-89,andres,2021-06-28 08:49:19.791000+00:00,Test 1 Tiquipaya,En automovil,Viva,1,ZTE CORPORATION,736010912233332,MF193A,200
-17.330458,-66.240477,-93,andres,2021-06-28 08:48:36.773000+00:00,Test 1 Tiquipaya,En automovil,Viva,5,ZTE CORPORATION,736010912233332,MF193A,199
-17.330887,-66.240475,-90,andres,2021-06-28 08:48:27.418000+00:00,Test 1 Tiquipaya,En automovil,Viva,5,ZTE CORPORATION,736010912233332,MF193A,198
-17.332504,-66.237793,-82,andres,2021-06-28 08:47:22.773000+00:00,Test 1 Tiquipaya,En automovil,Viva,8,ZTE CORPORATION,736010912233332,MF193A,197
-17.332841,-66.237366,-91,andres,2021-06-28 08:47:12.812000+00:00,Test 1 Tiquipaya,En automovil,Viva,9,ZTE CORPORATION,736010912233332,MF193A,196
-17.333606,-66.237505,-88,andres,2021-06-28 08:46:41.765000+00:00,Test 1 Tiquipaya,En automovil,Viva,9,ZTE CORPORATION,736010912233332,MF193A,195
-17.333948,-66.237594,-82,andres,2021-06-28 08:46:32.767000+00:00,Test 1 Tiquipaya,En automovil,Viva,12,ZTE CORPORATION,736010912233332,MF193A,194
-17.334274,-66.237699,-81,andres,2021-06-28 08:46:23.762000+00:00,Test 1 Tiquipaya,En automovil,Viva,12,ZTE CORPORATION,736010912233332,MF193A,193
-17.334847,-66.237848,-84,andres,2021-06-28 08:46:09.756000+00:00,Test 1 Tiquipaya,En automovil,Viva,11,ZTE CORPORATION,736010912233332,MF193A,192
-17.335202,-66.237942,-83,andres,2021-06-28 08:45:59.756000+00:00,Test 1 Tiquipaya,En automovil,Viva,10,ZTE CORPORATION,736010912233332,MF193A,191
-17.335624,-66.238066,-86,andres,2021-06-28 08:45:50.755000+00:00,Test 1 Tiquipaya,En automovil,Viva,12,ZTE CORPORATION,736010912233332,MF193A,190
-17.335983,-66.238156,-79,andres,2021-06-28 08:45:40.755000+00:00,Test 1 Tiquipaya,En automovil,Viva,12,ZTE CORPORATION,736010912233332,MF193A,189
-17.336804,-66.238372,-80,andres,2021-06-28 08:45:21.760000+00:00,Test 1 Tiquipaya,En automovil,Viva,16,ZTE CORPORATION,736010912233332,MF193A,188
-17.337201,-66.238448,-79,andres,2021-06-28 08:45:10.753000+00:00,Test 1 Tiquipaya,En automovil,Viva,12,ZTE CORPORATION,736010912233332,MF193A,187
-17.337255,-66.23815,-84,andres,2021-06-28 08:44:51.750000+00:00,Test 1 Tiquipaya,En automovil,Viva,12,ZTE CORPORATION,736010912233332,MF193A,186
-17.337042,-66.237509,-85,andres,2021-06-28 08:44:36.764000+00:00,Test 1 Tiquipaya,En automovil,Viva,10,ZTE CORPORATION,736010912233332,MF193A,185
-17.3369,-66.237025,-88,andres,2021-06-28 08:44:27.395000+00:00,Test 1 Tiquipaya,En automovil,Viva,9,ZTE CORPORATION,736010912233332,MF193A,184
-17.336794,-66.236614,-90,andres,2021-06-28 08:44:14.745000+00:00,Test 1 Tiquipaya,En automovil,Viva,10,ZTE CORPORATION,736010912233332,MF193A,183
-17.336617,-66.236176,-87,andres,2021-06-28 08:44:02.743000+00:00,Test 1 Tiquipaya,En automovil,Viva,10,ZTE CORPORATION,736010912233332,MF193A,182
-17.336513,-66.235446,-82,andres,2021-06-28 08:43:42.750000+00:00,Test 1 Tiquipaya,En automovil,Viva,9,ZTE CORPORATION,736010912233332,MF193A,181
-17.336448,-66.234883,-85,andres,2021-06-28 08:43:31.749000+00:00,Test 1 Tiquipaya,En automovil,Viva,9,ZTE CORPORATION,736010912233332,MF193A,180
-17.336391,-66.234512,-89,andres,2021-06-28 08:43:21.757000+00:00,Test 1 Tiquipaya,En automovil,Viva,7,ZTE CORPORATION,736010912233332,MF193A,179
-17.336333,-66.234022,-82,andres,2021-06-28 08:43:09.741000+00:00,Test 1 Tiquipaya,En automovil,Viva,12,ZTE CORPORATION,736010912233332,MF193A,178
-17.336327,-66.233721,-79,andres,2021-06-28 08:43:00.742000+00:00,Test 1 Tiquipaya,En automovil,Viva,12,ZTE CORPORATION,736010912233332,MF193A,177
-17.336339,-66.233275,-82,andres,2021-06-28 08:42:52.742000+00:00,Test 1 Tiquipaya,En automovil,Viva,11,ZTE CORPORATION,736010912233332,MF193A,176
-17.336325,-66.23271,-82,andres,2021-06-28 08:42:43.735000+00:00,Test 1 Tiquipaya,En automovil,Viva,12,ZTE CORPORATION,736010912233332,MF193A,175
-17.336301,-66.232217,-83,andres,2021-06-28 08:42:35.731000+00:00,Test 1 Tiquipaya,En automovil,Viva,11,ZTE CORPORATION,736010912233332,MF193A,174
-17.336249,-66.231566,-84,andres,2021-06-28 08:42:27.365000+00:00,Test 1 Tiquipaya,En automovil,Viva,14,ZTE CORPORATION,736010912233332,MF193A,173
-17.336205,-66.231065,-78,andres,2021-06-28 08:42:17.720000+00:00,Test 1 Tiquipaya,En automovil,Viva,17,ZTE CORPORATION,736010912233332,MF193A,172
-17.336114,-66.23051,-73,andres,2021-06-28 08:42:07.732000+00:00,Test 1 Tiquipaya,En automovil,Viva,19,ZTE CORPORATION,736010912233332,MF193A,171
-17.336064,-66.229892,-73,andres,2021-06-28 08:41:49.705000+00:00,Test 1 Tiquipaya,En automovil,Viva,20,ZTE CORPORATION,736010912233332,MF193A,170
-17.336145,-66.229187,-75,andres,2021-06-28 08:41:28.632000+00:00,Test 1 Tiquipaya,En automovil,Viva,19,ZTE CORPORATION,736010912233332,MF193A,169
-17.337073,-66.226868,-69,andres,2021-06-28 08:40:53.640000+00:00,Prueba 1 Tiquipaya,En automovil,Viva,21,ZTE CORPORATION,736010912233332,MF193A,168
-17.33719,-66.226493,-57,andres,2021-06-28 08:40:43.648000+00:00,Prueba 1 Tiquipaya,En automovil,Viva,25,ZTE CORPORATION,736010912233332,MF193A,167
-17.333988,-66.226219,-61,andres,2021-06-28 08:39:29.718000+00:00,Prueba 1 Tiquipaya,En automovil,Viva,23,ZTE CORPORATION,736010912233332,MF193A,166
-17.33376,-66.226397,-64,andres,2021-06-28 08:39:17.739000+00:00,Prueba 1 Tiquipaya,En automovil,Viva,23,ZTE CORPORATION,736010912233332,MF193A,165
-17.333644,-66.226588,-66,andres,2021-06-28 08:39:08.747000+00:00,Prueba 1 Tiquipaya,En automovil,Viva,20,ZTE CORPORATION,736010912233332,MF193A,164
-17.333615,-66.226603,-67,andres,2021-06-28 08:38:50.743000+00:00,Prueba 1 Tiquipaya,En automovil,Viva,21,ZTE CORPORATION,736010912233332,MF193A,163
-17.333303,-66.226644,-70,andres,2021-06-28 08:38:40.747000+00:00,Prueba 1 Tiquipaya,En automovil,Viva,20,ZTE CORPORATION,736010912233332,MF193A,162
-17.333072,-66.226439,-62,andres,2021-06-28 08:38:28.740000+00:00,Prueba 1 Tiquipaya,En automovil,Viva,25,ZTE CORPORATION,736010912233332,MF193A,161
-17.333101,-66.226189,-55,andres,2021-06-28 08:38:17.752000+00:00,Prueba 1 Tiquipaya,En automovil,Viva,25,ZTE CORPORATION,736010912233332,MF193A,160
-17.333213,-66.226112,-59,andres,2021-06-28 08:38:07.755000+00:00,Prueba 1 Tiquipaya,En automovil,Viva,24,ZTE CORPORATION,736010912233332,MF193A,159
-17.333497,-66.226124,-60,andres,2021-06-28 08:37:58.761000+00:00,Prueba 1 Tiquipaya,En automovil,Viva,23,ZTE CORPORATION,736010912233332,MF193A,158
-17.333854,-66.226138,-54,andres,2021-06-28 08:37:48.767000+00:00,Prueba 1 Tiquipaya,En automovil,Viva,27,ZTE CORPORATION,736010912233332,MF193A,157
-17.334179,-66.226161,-58,andres,2021-06-28 08:37:38.783000+00:00,Prueba 1 Tiquipaya,En automovil,Viva,25,ZTE CORPORATION,736010912233332,MF193A,156
-17.334795,-66.226178,-57,andres,2021-06-28 08:37:23.807000+00:00,Prueba 1 Tiquipaya,En automovil,Viva,25,ZTE CORPORATION,736010912233332,MF193A,155
-17.335084,-66.226185,-54,andres,2021-06-28 08:37:14.832000+00:00,Prueba 1 Tiquipaya,En automovil,Viva,27,ZTE CORPORATION,736010912233332,MF193A,154
-17.335527,-66.226207,-59,andres,2021-06-28 08:37:05.830000+00:00,Prueba 1 Tiquipaya,En automovil,Viva,22,ZTE CORPORATION,736010912233332,MF193A,153
-17.335832,-66.225924,-68,andres,2021-06-28 08:36:55.837000+00:00,Prueba 1 Tiquipaya,En automovil,Viva,22,ZTE CORPORATION,736010912233332,MF193A,152
-17.336062,-66.225135,-66,andres,2021-06-28 08:36:45.829000+00:00,Prueba 1 Tiquipaya,En automovil,Viva,20,ZTE CORPORATION,736010912233332,MF193A,151
-17.336156,-66.224767,-74,andres,2021-06-28 08:36:36.819000+00:00,Prueba 1 Tiquipaya,En automovil,Viva,15,ZTE CORPORATION,736010912233332,MF193A,150
-17.336536,-66.223237,-71,andres,2021-06-28 08:35:48.338000+00:00,Prueba 1 Tiquipaya,En automovil,Viva,16,ZTE CORPORATION,736010912233332,MF193A,149
-17.356884,-66.200133,-120,andres,2021-06-13 16:23:41.682000+00:00,nada,nafa,Tigo,27,ZTE CORPORATION,736030057419257,MF193A,148
-17.356886,-66.20014,-120,andres,2021-06-13 16:23:32.684000+00:00,nada,nafa,Tigo,27,ZTE CORPORATION,736030057419257,MF193A,147
-17.392456,-66.152166,-120,andres,2021-06-08 14:24:20.668000+00:00,Prueba gradiente 1,nada,Tigo,28,ZTE CORPORATION,736030057419257,MF193A,145
-17.392628,-66.153214,-115,andres,2021-06-08 14:24:12.739000+00:00,Prueba gradiente 1,nada,Tigo,28,ZTE CORPORATION,736030057419257,MF193A,144
-17.392827,-66.154366,-110,andres,2021-06-08 14:24:04.667000+00:00,Prueba gradiente 1,nada,Tigo,28,ZTE CORPORATION,736030057419257,MF193A,143
-17.393029,-66.155413,-105,andres,2021-06-08 14:23:56.668000+00:00,Prueba gradiente 1,nada,Tigo,28,ZTE CORPORATION,736030057419257,MF193A,142
-17.393236,-66.156545,-100,andres,2021-06-08 14:23:48.668000+00:00,Prueba gradiente 1,nada,Tigo,27,ZTE CORPORATION,736030057419257,MF193A,141
-17.393413,-66.157615,-95,andres,2021-06-08 14:23:40.677000+00:00,Prueba gradiente 1,nada,Tigo,27,ZTE CORPORATION,736030057419257,MF193A,140
-17.39355,-66.158654,-90,andres,2021-06-08 14:23:31.715000+00:00,Prueba gradiente 1,nada,Tigo,27,ZTE CORPORATION,736030057419257,MF193A,139
-17.391528,-66.152310,-53,andres,2021-06-08 13:06:53.661000+00:00,Prueba gradiente,nada,Tigo,27,ZTE CORPORATION,736030057419257,MF193A,130
-17.391725,-66.153404,-95,andres,2021-06-08 13:06:45.658000+00:00,Prueba gradiente,nada,Tigo,26,ZTE CORPORATION,736030057419257,MF193A,129
-17.391905,-66.154587,-100,andres,2021-06-08 13:06:37.661000+00:00,Prueba gradiente,nada,Tigo,28,ZTE CORPORATION,736030057419257,MF193A,128
-17.392059,-66.155604,-105,andres,2021-06-08 13:06:29.661000+00:00,Prueba gradiente,nada,Tigo,28,ZTE CORPORATION,736030057419257,MF193A,127
-17.392233,-66.156706,-110,andres,2021-06-08 13:06:21.663000+00:00,Prueba gradiente,nada,Tigo,28,ZTE CORPORATION,736030057419257,MF193A,126
-17.392434,-66.157813,-115,andres,2021-06-08 13:06:12.713000+00:00,Prueba gradiente,nada,Tigo,28,ZTE CORPORATION,736030057419257,MF193A,125
-17.392618,-66.158907,-120,andres,2021-06-08 13:05:21.201000+00:00,Prueba gradiente,nada,Tigo,27,ZTE CORPORATION,736030057419257,MF193A,124
